id,display_name,class,spec,provenance,defined,registered,implementation_class,implementation_category,configured_spell_category,configured_spell_category_reason,unlock_level,active_kit,balance_entry,spell_school,combo_reference,targeting,cooldown,effective_cost,damage,healing,cc,mobility,summon,delayed,projectile,scaling_path,regression_coverage,definition_location,registration_location
acid_splash,Savfröccs,assassin,poisoner,SPEC,yes,yes,ConfiguredSpell,configured,A,immediate AOE damage primitive; no persistent/scheduled lifecycle,27,poisoner,yes,class default / primordial,,AOE,45,4,2,,,,no,no,no,CastModifiers -> immutable snapshot/shared primitives,class/profile + cast architecture + strict source graph,src/main/java/hu/taliann/icesmp/spells/SpellCatalog.java:586,src/main/java/hu/taliann/icesmp/spells/SpellCatalog.java:586
adrenaline,Adrenalin,assassin,,BASE,yes,yes,ConfiguredSpell,configured,A,immediate SELF utility primitive; no persistent/scheduled lifecycle,4,,yes,class default / primordial,,SELF,60,4,,,,,no,no,no,CastModifiers -> immutable snapshot/shared primitives,class/profile + cast architecture + strict source graph,src/main/java/hu/taliann/icesmp/spells/SpellCatalog.java:294,src/main/java/hu/taliann/icesmp/spells/SpellCatalog.java:294
aegis,Égisz,warrior,guardian,SPEC,yes,yes,ConfiguredSpell,configured,A,immediate AOE utility primitive; no persistent/scheduled lifecycle,39,guardian,yes,class default / primordial,,AOE,180,8,,,,,no,no,no,CastModifiers -> immutable snapshot/shared primitives,class/profile + cast architecture + strict source graph,src/main/java/hu/taliann/icesmp/spells/SpellCatalog.java:488,src/main/java/hu/taliann/icesmp/spells/SpellCatalog.java:488
agony,Agónia,warlock,affliction,SPEC,yes,yes,ConfiguredSpell,configured,A,immediate TARGET utility primitive; no persistent/scheduled lifecycle,28,affliction,yes,class default / primordial,,TARGET,25,3,,,,,no,no,no,CastModifiers -> immutable snapshot/shared primitives,class/profile + cast architecture + strict source graph,src/main/java/hu/taliann/icesmp/spells/SpellCatalog.java:1389,src/main/java/hu/taliann/icesmp/spells/SpellCatalog.java:1389
ancestral_guidance,Ősi Vezetés,shaman,tidal,SPEC,yes,yes,ConfiguredSpell,configured,A,immediate SELF healing primitive; no persistent/scheduled lifecycle,42,,yes,class default / primordial,,SELF,120,70,,6,,,no,no,no,CastModifiers -> immutable snapshot/shared primitives,class/profile + cast architecture + strict source graph,src/main/java/hu/taliann/icesmp/spells/SpellCatalog.java:1585,src/main/java/hu/taliann/icesmp/spells/SpellCatalog.java:1585
ancestral_spirit,Ősi Szellem,shaman,,BASE,yes,yes,ConfiguredSpell,configured,A,immediate SELF healing primitive; no persistent/scheduled lifecycle,21,,yes,class default / primordial,,SELF,150,70,,8,,,no,no,no,CastModifiers -> immutable snapshot/shared primitives,class/profile + cast architecture + strict source graph,src/main/java/hu/taliann/icesmp/spells/SpellCatalog.java:1127,src/main/java/hu/taliann/icesmp/spells/SpellCatalog.java:1127
angry_chicken,Mergez Csirke,archer,beast_master,SPEC,yes,yes,AngryChickenSpell,stateful,,,30,,yes,class default / primordial,,implementation-defined,30,5,8.0,,,,no,yes,yes,CastModifiers -> immutable snapshot/shared primitives,class/profile + cast architecture + strict source graph,src/main/java/hu/taliann/icesmp/spells/AngryChickenSpell.java:23,src/main/java/hu/taliann/icesmp/core/IceSMPCore.java:767
anti_magic_shell,Mágiapajzs,death_knight,,BASE,yes,yes,ConfiguredSpell,configured,A,immediate SELF utility primitive; no persistent/scheduled lifecycle,17,,yes,class default / primordial,,SELF,90,5,,,,,no,no,no,CastModifiers -> immutable snapshot/shared primitives,class/profile + cast architecture + strict source graph,src/main/java/hu/taliann/icesmp/spells/SpellCatalog.java:913,src/main/java/hu/taliann/icesmp/spells/SpellCatalog.java:913
antidote,Ellenméreg,assassin,poisoner,SPEC,yes,yes,AntidoteSpell,dedicated,,,32,,yes,class default / primordial,,implementation-defined,90,4,,,,,no,no,no,CastModifiers -> immutable snapshot/shared primitives,class/profile + cast architecture + strict source graph,src/main/java/hu/taliann/icesmp/spells/AntidoteSpell.java:29,src/main/java/hu/taliann/icesmp/spells/SpellCatalog.java:596
arcane_nova,Arkán Lökés,wizard,,BASE,yes,yes,ConfiguredSpell,configured,A,immediate AOE damage primitive; no persistent/scheduled lifecycle,18,,yes,class default / primordial,"arcane-execution,frost-nova",AOE,90,40,3,,,,no,no,no,CastModifiers -> immutable snapshot/shared primitives,class/profile + cast architecture + strict source graph,src/main/java/hu/taliann/icesmp/spells/SpellCatalog.java:216,src/main/java/hu/taliann/icesmp/spells/SpellCatalog.java:216
arcane_shield,Arkán Pajzs,wizard,,BASE,yes,yes,ConfiguredSpell,configured,A,immediate SELF utility primitive; no persistent/scheduled lifecycle,9,,yes,class default / primordial,,SELF,90,30,,,,,no,no,no,CastModifiers -> immutable snapshot/shared primitives,class/profile + cast architecture + strict source graph,src/main/java/hu/taliann/icesmp/spells/SpellCatalog.java:207,src/main/java/hu/taliann/icesmp/spells/SpellCatalog.java:207
ardent_defender,Buzgó Védő,paladin,protection,SPEC,yes,yes,ConfiguredSpell,configured,A,immediate SELF utility primitive; no persistent/scheduled lifecycle,39,,yes,class default / primordial,,SELF,90,6,,,,,no,no,no,CastModifiers -> immutable snapshot/shared primitives,class/profile + cast architecture + strict source graph,src/main/java/hu/taliann/icesmp/spells/SpellCatalog.java:1619,src/main/java/hu/taliann/icesmp/spells/SpellCatalog.java:1619
armament,Fegyverzet,warrior,,BASE,yes,yes,ArmamentSpell,stateful,,,5,,yes,class default / primordial,,implementation-defined,300,80,,,,,no,yes,no,CastModifiers -> immutable snapshot/shared primitives,class/profile + cast architecture + strict source graph,src/main/java/hu/taliann/icesmp/spells/ArmamentSpell.java:31,src/main/java/hu/taliann/icesmp/core/IceSMPCore.java:774
army_of_the_dead,A Holtak Serege,death_knight,unholy,SPEC,yes,yes,SummonMinionsSpell,summon,,,45,unholy,yes,class default / primordial,,implementation-defined,300,110,,,,,yes,yes,no,CastModifiers -> immutable snapshot/shared primitives,class/profile + cast architecture + strict source graph,src/main/java/hu/taliann/icesmp/spells/SpellCatalog.java:144,src/main/java/hu/taliann/icesmp/spells/SpellCatalog.java:144
arrow_storm,Nyílzápor,archer,,BASE,yes,yes,ProjectileBurstSpell,projectile,,,20,,yes,class default / primordial,trap-volley,implementation-defined,90,60,,,,,no,no,yes,CastModifiers -> immutable snapshot/shared primitives,class/profile + cast architecture + strict source graph,src/main/java/hu/taliann/icesmp/spells/SpellCatalog.java:279,src/main/java/hu/taliann/icesmp/spells/SpellCatalog.java:279
ascendance_flame,Felemelkedés,shaman,elemental,SPEC,yes,yes,ConfiguredSpell,configured,B,generic gameplay retained; signature presentation/VFX readability is intentionally distinct,45,elemental,yes,class default / primordial,,AOE,300,150,8,,,,no,no,no,CastModifiers -> immutable snapshot/shared primitives,class/profile + cast architecture + strict source graph,src/main/java/hu/taliann/icesmp/spells/SpellCatalog.java:1163,src/main/java/hu/taliann/icesmp/spells/SpellCatalog.java:1163
atonement,Engesztelés,priest,discipline,SPEC,yes,yes,ConfiguredSpell,configured,A,immediate AOE utility primitive; no persistent/scheduled lifecycle,30,discipline,yes,class default / primordial,,AOE,90,5,,,,,no,no,no,CastModifiers -> immutable snapshot/shared primitives,class/profile + cast architecture + strict source graph,src/main/java/hu/taliann/icesmp/spells/SpellCatalog.java:1339,src/main/java/hu/taliann/icesmp/spells/SpellCatalog.java:1339
aura_mastery,Aura-mesterség,paladin,holy,SPEC,yes,yes,ConfiguredSpell,configured,A,immediate AOE utility primitive; no persistent/scheduled lifecycle,36,,yes,class default / primordial,,AOE,120,6,,,,,no,no,no,CastModifiers -> immutable snapshot/shared primitives,class/profile + cast architecture + strict source graph,src/main/java/hu/taliann/icesmp/spells/SpellCatalog.java:836,src/main/java/hu/taliann/icesmp/spells/SpellCatalog.java:836
avengers_shield,Bosszúálló Pajzs,paladin,protection,SPEC,yes,yes,ConfiguredSpell,configured,A,immediate TARGET damage primitive; no persistent/scheduled lifecycle,25,protection,yes,class default / primordial,,TARGET,30,4,5,,,,no,no,no,CastModifiers -> immutable snapshot/shared primitives,class/profile + cast architecture + strict source graph,src/main/java/hu/taliann/icesmp/spells/SpellCatalog.java:1613,src/main/java/hu/taliann/icesmp/spells/SpellCatalog.java:1613
avenging_wrath,Megtorló Harag,paladin,holy,SPEC,yes,yes,ConfiguredSpell,configured,B,generic gameplay retained; signature presentation/VFX readability is intentionally distinct,45,holy,yes,class default / primordial,,AOE,300,150,,8,,,no,no,no,CastModifiers -> immutable snapshot/shared primitives,class/profile + cast architecture + strict source graph,src/main/java/hu/taliann/icesmp/spells/SpellCatalog.java:848,src/main/java/hu/taliann/icesmp/spells/SpellCatalog.java:848
azure_strike,Azúr Csapás,evoker,,BASE,yes,yes,ConfiguredSpell,configured,A,immediate TARGET damage primitive; no persistent/scheduled lifecycle,4,devastation,yes,class default / primordial,,TARGET,20,30,5,,,,no,no,no,CastModifiers -> immutable snapshot/shared primitives,class/profile + cast architecture + strict source graph,src/main/java/hu/taliann/icesmp/spells/SpellCatalog.java:1477,src/main/java/hu/taliann/icesmp/spells/SpellCatalog.java:1477
barkskin,Kéregbőr,druid,,BASE,yes,yes,ConfiguredSpell,configured,A,immediate SELF utility primitive; no persistent/scheduled lifecycle,11,,yes,class default / primordial,,SELF,90,40,,,,,no,no,no,CastModifiers -> immutable snapshot/shared primitives,class/profile + cast architecture + strict source graph,src/main/java/hu/taliann/icesmp/spells/SpellCatalog.java:682,src/main/java/hu/taliann/icesmp/spells/SpellCatalog.java:682
barrier,Mennyei Korlát,priest,discipline,SPEC,yes,yes,ConfiguredSpell,configured,A,immediate SELF utility primitive; no persistent/scheduled lifecycle,39,discipline,yes,class default / primordial,,SELF,150,7,,,,,no,no,no,CastModifiers -> immutable snapshot/shared primitives,class/profile + cast architecture + strict source graph,src/main/java/hu/taliann/icesmp/spells/SpellCatalog.java:1337,src/main/java/hu/taliann/icesmp/spells/SpellCatalog.java:1337
battle_shout,Csatakiáltás,warrior,,BASE,yes,yes,ConfiguredSpell,configured,A,immediate SELF utility primitive; no persistent/scheduled lifecycle,3,,yes,class default / primordial,shout-spin,SELF,90,4,,,,,no,no,no,CastModifiers -> immutable snapshot/shared primitives,class/profile + cast architecture + strict source graph,src/main/java/hu/taliann/icesmp/spells/SpellCatalog.java:229,src/main/java/hu/taliann/icesmp/spells/SpellCatalog.java:229
beacon_of_light,Fény Jelzőtüze,paladin,holy,SPEC,yes,yes,ConfiguredSpell,configured,A,immediate AOE healing primitive; no persistent/scheduled lifecycle,27,holy,yes,class default / primordial,,AOE,90,6,,4,,,no,no,no,CastModifiers -> immutable snapshot/shared primitives,class/profile + cast architecture + strict source graph,src/main/java/hu/taliann/icesmp/spells/SpellCatalog.java:823,src/main/java/hu/taliann/icesmp/spells/SpellCatalog.java:823
bee_swarm,Méhraj,archer,beast_master,SPEC,yes,yes,BeeSwarmSpell,dedicated,,,28,,yes,class default / primordial,,implementation-defined,180,6,,,,,no,no,no,CastModifiers -> immutable snapshot/shared primitives,class/profile + cast architecture + strict source graph,src/main/java/hu/taliann/icesmp/spells/BeeSwarmSpell.java:21,src/main/java/hu/taliann/icesmp/spells/SpellCatalog.java:550
berserk,Berserk,warrior,berserker,SPEC,yes,yes,ConfiguredSpell,configured,B,generic gameplay retained; signature presentation/VFX readability is intentionally distinct,45,berserker,yes,class default / primordial,,SELF,300,12,,,,,no,no,no,CastModifiers -> immutable snapshot/shared primitives,class/profile + cast architecture + strict source graph,src/main/java/hu/taliann/icesmp/spells/SpellCatalog.java:447,src/main/java/hu/taliann/icesmp/spells/SpellCatalog.java:447
black_boils,Fekete Kelések,assassin,plaguebringer,SPEC,yes,yes,ConfiguredSpell,configured,A,immediate TARGET damage primitive; no persistent/scheduled lifecycle,30,plaguebringer,yes,class default / primordial,,TARGET,50,40,3.0,,,,no,no,no,CastModifiers -> immutable snapshot/shared primitives,class/profile + cast architecture + strict source graph,src/main/java/hu/taliann/icesmp/spells/SpellCatalog.java:1058,src/main/java/hu/taliann/icesmp/spells/SpellCatalog.java:1058
black_death,Fekete Halál,assassin,plaguebringer,SPEC,yes,yes,ConfiguredSpell,configured,A,immediate AOE damage primitive; no persistent/scheduled lifecycle,45,plaguebringer,yes,class default / primordial,,AOE,300,150,7.0,,,,no,no,no,CastModifiers -> immutable snapshot/shared primitives,class/profile + cast architecture + strict source graph,src/main/java/hu/taliann/icesmp/spells/SpellCatalog.java:1074,src/main/java/hu/taliann/icesmp/spells/SpellCatalog.java:1074
blackout,Elsötétítés,assassin,,BASE,yes,yes,ConfiguredSpell,configured,A,immediate TARGET cc primitive; no persistent/scheduled lifecycle,10,,yes,class default / primordial,,TARGET,60,40,,,BLINDNESS,,no,no,no,CastModifiers -> immutable snapshot/shared primitives,class/profile + cast architecture + strict source graph,src/main/java/hu/taliann/icesmp/spells/SpellCatalog.java:303,src/main/java/hu/taliann/icesmp/spells/SpellCatalog.java:303
blackout_kick,Sötét Rúgás,monk,,BASE,yes,yes,ConfiguredSpell,configured,A,immediate TARGET damage primitive; no persistent/scheduled lifecycle,6,windwalker,yes,class default / primordial,,TARGET,20,3,6,,,,no,no,no,CastModifiers -> immutable snapshot/shared primitives,class/profile + cast architecture + strict source graph,src/main/java/hu/taliann/icesmp/spells/SpellCatalog.java:1216,src/main/java/hu/taliann/icesmp/spells/SpellCatalog.java:1216
blade_dance,Pengetánc,demon_hunter,havoc,SPEC,yes,yes,ConfiguredSpell,configured,A,immediate AOE damage primitive; no persistent/scheduled lifecycle,25,havoc,yes,class default / primordial,,AOE,25,4,5,,,,no,no,no,CastModifiers -> immutable snapshot/shared primitives,class/profile + cast architecture + strict source graph,src/main/java/hu/taliann/icesmp/spells/SpellCatalog.java:1441,src/main/java/hu/taliann/icesmp/spells/SpellCatalog.java:1441
blade_of_justice,Igazság Pengéje,paladin,retribution,SPEC,yes,yes,ConfiguredSpell,configured,A,immediate TARGET damage primitive; no persistent/scheduled lifecycle,30,retribution,yes,class default / primordial,,TARGET,35,4,7,,,,no,no,no,CastModifiers -> immutable snapshot/shared primitives,class/profile + cast architecture + strict source graph,src/main/java/hu/taliann/icesmp/spells/SpellCatalog.java:865,src/main/java/hu/taliann/icesmp/spells/SpellCatalog.java:865
blessed_hammer,Áldott Pöröly,paladin,protection,SPEC,yes,yes,ConfiguredSpell,configured,A,immediate TARGET damage/cc primitive; no persistent/scheduled lifecycle,33,protection,yes,class default / primordial,,TARGET,30,40,4,,SLOWNESS,,no,no,no,CastModifiers -> immutable snapshot/shared primitives,class/profile + cast architecture + strict source graph,src/main/java/hu/taliann/icesmp/spells/SpellCatalog.java:1623,src/main/java/hu/taliann/icesmp/spells/SpellCatalog.java:1623
blessing_of_kings,Királyok Áldása,paladin,holy,SPEC,yes,yes,ConfiguredSpell,configured,A,immediate AOE utility primitive; no persistent/scheduled lifecycle,33,,yes,class default / primordial,,AOE,120,6,,,,,no,no,no,CastModifiers -> immutable snapshot/shared primitives,class/profile + cast architecture + strict source graph,src/main/java/hu/taliann/icesmp/spells/SpellCatalog.java:827,src/main/java/hu/taliann/icesmp/spells/SpellCatalog.java:827
blessing_of_might,Erő Áldása,paladin,,BASE,yes,yes,ConfiguredSpell,configured,A,immediate SELF utility primitive; no persistent/scheduled lifecycle,13,,yes,class default / primordial,,SELF,120,5,,,,,no,no,no,CastModifiers -> immutable snapshot/shared primitives,class/profile + cast architecture + strict source graph,src/main/java/hu/taliann/icesmp/spells/SpellCatalog.java:803,src/main/java/hu/taliann/icesmp/spells/SpellCatalog.java:803
blink,Villanás,wizard,,BASE,yes,yes,BlinkSpell,dedicated,,,12,,yes,class default / primordial,,implementation-defined,30,3,,,,,no,no,yes,CastModifiers -> immutable snapshot/shared primitives,class/profile + cast architecture + strict source graph,src/main/java/hu/taliann/icesmp/spells/SpellCatalog.java:214,src/main/java/hu/taliann/icesmp/spells/SpellCatalog.java:214
blood_boil,Vérforralás,death_knight,,BASE,yes,yes,ConfiguredSpell,configured,A,immediate AOE damage primitive; no persistent/scheduled lifecycle,15,blood,yes,class default / primordial,,AOE,45,40,3,,,,no,no,no,CastModifiers -> immutable snapshot/shared primitives,class/profile + cast architecture + strict source graph,src/main/java/hu/taliann/icesmp/spells/SpellCatalog.java:901,src/main/java/hu/taliann/icesmp/spells/SpellCatalog.java:901
blood_frenzy,Vérszomj,warrior,berserker,SPEC,yes,yes,ConfiguredSpell,configured,A,immediate SELF utility primitive; no persistent/scheduled lifecycle,29,,yes,class default / primordial,,SELF,120,6,,,,,no,no,no,CastModifiers -> immutable snapshot/shared primitives,class/profile + cast architecture + strict source graph,src/main/java/hu/taliann/icesmp/spells/SpellCatalog.java:419,src/main/java/hu/taliann/icesmp/spells/SpellCatalog.java:419
blood_mirror,Vértükör,death_knight,blood,SPEC,yes,yes,ConfiguredSpell,configured,A,immediate SELF utility primitive; no persistent/scheduled lifecycle,33,,yes,class default / primordial,,SELF,90,5,,,,,no,no,no,CastModifiers -> immutable snapshot/shared primitives,class/profile + cast architecture + strict source graph,src/main/java/hu/taliann/icesmp/spells/SpellCatalog.java:937,src/main/java/hu/taliann/icesmp/spells/SpellCatalog.java:937
blood_tithe,Vér-tized,priest,bone_priest,SPEC,yes,yes,ConfiguredSpell,configured,A,immediate AOE utility primitive; no persistent/scheduled lifecycle,36,bone_priest,yes,class default / primordial,,AOE,75,4,,,,,no,no,no,CastModifiers -> immutable snapshot/shared primitives,class/profile + cast architecture + strict source graph,src/main/java/hu/taliann/icesmp/spells/SpellCatalog.java:1034,src/main/java/hu/taliann/icesmp/spells/SpellCatalog.java:1034
bloodbath,Vérfürdő,warrior,berserker,SPEC,yes,yes,ConfiguredSpell,configured,A,immediate AOE damage/healing primitive; no persistent/scheduled lifecycle,42,berserker,yes,class default / primordial,,AOE,150,4,6,4,,,no,no,no,CastModifiers -> immutable snapshot/shared primitives,class/profile + cast architecture + strict source graph,src/main/java/hu/taliann/icesmp/spells/SpellCatalog.java:443,src/main/java/hu/taliann/icesmp/spells/SpellCatalog.java:443
bone_archers,Csontíjászok,wizard,necromancer,SPEC,yes,yes,SummonMinionsSpell,summon,,,44,necromancer,yes,class default / primordial,,implementation-defined,240,100,,,,,yes,yes,no,CastModifiers -> immutable snapshot/shared primitives,class/profile + cast architecture + strict source graph,src/main/java/hu/taliann/icesmp/spells/SpellCatalog.java:121,src/main/java/hu/taliann/icesmp/spells/SpellCatalog.java:121
bone_chill,Csontfagy,wizard,necromancer,SPEC,yes,yes,BoneChillSpell,dedicated,,,30,,yes,class default / primordial,,implementation-defined,90,25,,,,,no,no,no,CastModifiers -> immutable snapshot/shared primitives,class/profile + cast architecture + strict source graph,src/main/java/hu/taliann/icesmp/spells/BoneChillSpell.java:19,src/main/java/hu/taliann/icesmp/core/IceSMPCore.java:784
bone_mend,Csontforrasztás,priest,bone_priest,SPEC,yes,yes,ConfiguredSpell,configured,A,immediate AOE healing primitive; no persistent/scheduled lifecycle,25,bone_priest,yes,class default / primordial,,AOE,25,30,,3.0,,,no,no,no,CastModifiers -> immutable snapshot/shared primitives,class/profile + cast architecture + strict source graph,src/main/java/hu/taliann/icesmp/spells/SpellCatalog.java:1018,src/main/java/hu/taliann/icesmp/spells/SpellCatalog.java:1018
bone_shield,Csontpajzs,death_knight,,BASE,yes,yes,ConfiguredSpell,configured,A,immediate SELF utility primitive; no persistent/scheduled lifecycle,13,,yes,class default / primordial,,SELF,60,45,,,,,no,no,no,CastModifiers -> immutable snapshot/shared primitives,class/profile + cast architecture + strict source graph,src/main/java/hu/taliann/icesmp/spells/SpellCatalog.java:905,src/main/java/hu/taliann/icesmp/spells/SpellCatalog.java:905
bone_spear,Csontdárda,wizard,necromancer,SPEC,yes,yes,ProjectileBurstSpell,projectile,,,34,necromancer,yes,class default / primordial,,implementation-defined,30,30,,,,,no,no,yes,CastModifiers -> immutable snapshot/shared primitives,class/profile + cast architecture + strict source graph,src/main/java/hu/taliann/icesmp/spells/SpellCatalog.java:381,src/main/java/hu/taliann/icesmp/spells/SpellCatalog.java:381
bone_ward,Csont-oltalom,priest,bone_priest,SPEC,yes,yes,ConfiguredSpell,configured,A,immediate AOE utility primitive; no persistent/scheduled lifecycle,30,bone_priest,yes,class default / primordial,,AOE,60,35,,,,,no,no,no,CastModifiers -> immutable snapshot/shared primitives,class/profile + cast architecture + strict source graph,src/main/java/hu/taliann/icesmp/spells/SpellCatalog.java:1026,src/main/java/hu/taliann/icesmp/spells/SpellCatalog.java:1026
bonestorm,Csontvihar,death_knight,blood,SPEC,yes,yes,ConfiguredSpell,configured,A,immediate AOE damage/healing primitive; no persistent/scheduled lifecycle,39,,yes,class default / primordial,,AOE,120,70,4,4,,,no,no,no,CastModifiers -> immutable snapshot/shared primitives,class/profile + cast architecture + strict source graph,src/main/java/hu/taliann/icesmp/spells/SpellCatalog.java:945,src/main/java/hu/taliann/icesmp/spells/SpellCatalog.java:945
breath_of_fire,Tűz Lehelete,monk,brewmaster,SPEC,yes,yes,ConfiguredSpell,configured,A,immediate AOE damage primitive; no persistent/scheduled lifecycle,27,brewmaster,yes,class default / primordial,,AOE,45,45,3,,,,no,no,no,CastModifiers -> immutable snapshot/shared primitives,class/profile + cast architecture + strict source graph,src/main/java/hu/taliann/icesmp/spells/SpellCatalog.java:1276,src/main/java/hu/taliann/icesmp/spells/SpellCatalog.java:1276
breath_of_sindragosa,Sindragosa Lehelete,death_knight,frost,SPEC,yes,yes,ConfiguredSpell,configured,B,generic gameplay retained; signature presentation/VFX readability is intentionally distinct,45,frost,yes,class default / primordial,,AOE,300,150,8,,"SLOWNESS,FREEZE",,no,no,no,CastModifiers -> immutable snapshot/shared primitives,class/profile + cast architecture + strict source graph,src/main/java/hu/taliann/icesmp/spells/SpellCatalog.java:986,src/main/java/hu/taliann/icesmp/spells/SpellCatalog.java:986
bristling_fur,Borzas Bunda,druid,ironbark,SPEC,yes,yes,ConfiguredSpell,configured,A,immediate SELF utility primitive; no persistent/scheduled lifecycle,36,ironbark,yes,class default / primordial,,SELF,75,5,,,,,no,no,no,CastModifiers -> immutable snapshot/shared primitives,class/profile + cast architecture + strict source graph,src/main/java/hu/taliann/icesmp/spells/SpellCatalog.java:1539,src/main/java/hu/taliann/icesmp/spells/SpellCatalog.java:1539
bulwark,Bástya,warrior,guardian,SPEC,yes,yes,BulwarkSpell,dedicated,,,25,guardian,yes,class default / primordial,,implementation-defined,120,8,,,,,no,no,no,CastModifiers -> immutable snapshot/shared primitives,class/profile + cast architecture + strict source graph,src/main/java/hu/taliann/icesmp/spells/BulwarkSpell.java:19,src/main/java/hu/taliann/icesmp/core/IceSMPCore.java:785
camouflage,Álcázás,archer,,BASE,yes,yes,ConfiguredSpell,configured,A,immediate SELF utility primitive; no persistent/scheduled lifecycle,17,,yes,class default / primordial,,SELF,120,5,,,,,no,no,no,CastModifiers -> immutable snapshot/shared primitives,class/profile + cast architecture + strict source graph,src/main/java/hu/taliann/icesmp/spells/SpellCatalog.java:275,src/main/java/hu/taliann/icesmp/spells/SpellCatalog.java:275
cataclysm,Kataklizma,warlock,destruction,SPEC,yes,yes,ConfiguredSpell,configured,A,immediate AOE damage primitive; no persistent/scheduled lifecycle,39,,yes,class default / primordial,,AOE,75,60,6,,,,no,no,no,CastModifiers -> immutable snapshot/shared primitives,class/profile + cast architecture + strict source graph,src/main/java/hu/taliann/icesmp/spells/SpellCatalog.java:1413,src/main/java/hu/taliann/icesmp/spells/SpellCatalog.java:1413
celestial_alignment,Égi Együttállás,druid,lunar,SPEC,yes,yes,ConfiguredSpell,configured,B,generic gameplay retained; signature presentation/VFX readability is intentionally distinct,45,lunar,yes,class default / primordial,,AOE,300,150,8,,,,no,no,no,CastModifiers -> immutable snapshot/shared primitives,class/profile + cast architecture + strict source graph,src/main/java/hu/taliann/icesmp/spells/SpellCatalog.java:776,src/main/java/hu/taliann/icesmp/spells/SpellCatalog.java:776
celestial_brew,Égi Sör,monk,brewmaster,SPEC,yes,yes,ConfiguredSpell,configured,A,immediate SELF utility primitive; no persistent/scheduled lifecycle,42,,yes,class default / primordial,,SELF,120,6,,,,,no,no,no,CastModifiers -> immutable snapshot/shared primitives,class/profile + cast architecture + strict source graph,src/main/java/hu/taliann/icesmp/spells/SpellCatalog.java:1284,src/main/java/hu/taliann/icesmp/spells/SpellCatalog.java:1284
chain_heal,Lánc-gyógyítás,shaman,tidal,SPEC,yes,yes,ConfiguredSpell,configured,A,immediate AOE healing primitive; no persistent/scheduled lifecycle,30,tidal,yes,class default / primordial,,AOE,45,5,,3,,,no,no,no,CastModifiers -> immutable snapshot/shared primitives,class/profile + cast architecture + strict source graph,src/main/java/hu/taliann/icesmp/spells/SpellCatalog.java:1577,src/main/java/hu/taliann/icesmp/spells/SpellCatalog.java:1577
chain_lightning,Láncvillám,shaman,elemental,SPEC,yes,yes,ConfiguredSpell,configured,A,immediate AOE damage primitive; no persistent/scheduled lifecycle,28,elemental,yes,class default / primordial,,AOE,35,45,5,,,,no,no,no,CastModifiers -> immutable snapshot/shared primitives,class/profile + cast architecture + strict source graph,src/main/java/hu/taliann/icesmp/spells/SpellCatalog.java:1143,src/main/java/hu/taliann/icesmp/spells/SpellCatalog.java:1143
chains_of_ice,Jéglánc,death_knight,,BASE,yes,yes,ChainsOfIceSpell,dedicated,,,8,,yes,class default / primordial,"deathfrost,frozen-strike",implementation-defined,30,3,,,,,no,no,no,CastModifiers -> immutable snapshot/shared primitives,class/profile + cast architecture + strict source graph,src/main/java/hu/taliann/icesmp/spells/ChainsOfIceSpell.java:24,src/main/java/hu/taliann/icesmp/core/IceSMPCore.java:807
chaos_bolt,Káoszlövedék,warlock,destruction,SPEC,yes,yes,ConfiguredSpell,configured,A,immediate TARGET damage primitive; no persistent/scheduled lifecycle,25,destruction,yes,class default / primordial,,TARGET,30,45,8,,,,no,no,no,CastModifiers -> immutable snapshot/shared primitives,class/profile + cast architecture + strict source graph,src/main/java/hu/taliann/icesmp/spells/SpellCatalog.java:1405,src/main/java/hu/taliann/icesmp/spells/SpellCatalog.java:1405
chaos_flame,Káosz-láng,warlock,demonologist,SPEC,yes,yes,ConfiguredSpell,configured,A,immediate AOE damage primitive; no persistent/scheduled lifecycle,36,demonologist,yes,class default / primordial,,AOE,60,50,5.0,,,,no,no,no,CastModifiers -> immutable snapshot/shared primitives,class/profile + cast architecture + strict source graph,src/main/java/hu/taliann/icesmp/spells/SpellCatalog.java:1090,src/main/java/hu/taliann/icesmp/spells/SpellCatalog.java:1090
chaos_strike,Káoszcsapás,demon_hunter,,BASE,yes,yes,ConfiguredSpell,configured,A,immediate TARGET damage primitive; no persistent/scheduled lifecycle,13,havoc,yes,class default / primordial,,TARGET,25,3,6,,,,no,no,no,CastModifiers -> immutable snapshot/shared primitives,class/profile + cast architecture + strict source graph,src/main/java/hu/taliann/icesmp/spells/SpellCatalog.java:1435,src/main/java/hu/taliann/icesmp/spells/SpellCatalog.java:1435
chi_wave,Csi Hullám,monk,,BASE,yes,yes,ConfiguredSpell,configured,A,immediate AOE cc primitive; no persistent/scheduled lifecycle,13,,yes,class default / primordial,,AOE,30,30,,,SLOWNESS,,no,no,no,CastModifiers -> immutable snapshot/shared primitives,class/profile + cast architecture + strict source graph,src/main/java/hu/taliann/icesmp/spells/SpellCatalog.java:1231,src/main/java/hu/taliann/icesmp/spells/SpellCatalog.java:1231
chill_streak,Dermesztő Suhanás,death_knight,frost,SPEC,yes,yes,ConfiguredSpell,configured,A,immediate TARGET damage/cc primitive; no persistent/scheduled lifecycle,39,,yes,class default / primordial,,TARGET,60,50,5,,FREEZE,,no,no,no,CastModifiers -> immutable snapshot/shared primitives,class/profile + cast architecture + strict source graph,src/main/java/hu/taliann/icesmp/spells/SpellCatalog.java:982,src/main/java/hu/taliann/icesmp/spells/SpellCatalog.java:982
clash,Összecsapás,monk,brewmaster,SPEC,yes,yes,ConfiguredSpell,configured,A,immediate AOE cc primitive; no persistent/scheduled lifecycle,36,,yes,class default / primordial,,AOE,75,5,,,SLOWNESS,,no,no,no,CastModifiers -> immutable snapshot/shared primitives,class/profile + cast architecture + strict source graph,src/main/java/hu/taliann/icesmp/spells/SpellCatalog.java:1292,src/main/java/hu/taliann/icesmp/spells/SpellCatalog.java:1292
cold_spot,Hidegfolt,assassin,phantom,SPEC,yes,yes,ConfiguredSpell,configured,A,immediate AOE cc primitive; no persistent/scheduled lifecycle,34,phantom,yes,class default / primordial,,AOE,90,5,,,"SLOWNESS,FREEZE",,no,no,no,CastModifiers -> immutable snapshot/shared primitives,class/profile + cast architecture + strict source graph,src/main/java/hu/taliann/icesmp/spells/SpellCatalog.java:643,src/main/java/hu/taliann/icesmp/spells/SpellCatalog.java:643
conflagrate,Lángba Borítás,warlock,destruction,SPEC,yes,yes,ConfiguredSpell,configured,A,immediate TARGET damage primitive; no persistent/scheduled lifecycle,30,destruction,yes,class default / primordial,fire-chain,TARGET,30,35,4,,,,no,no,no,CastModifiers -> immutable snapshot/shared primitives,class/profile + cast architecture + strict source graph,src/main/java/hu/taliann/icesmp/spells/SpellCatalog.java:1409,src/main/java/hu/taliann/icesmp/spells/SpellCatalog.java:1409
confusion,Megzavaras,wizard,,BASE,yes,yes,ConfusionSpell,stateful,,,10,,yes,class default / primordial,,implementation-defined,1200,160,,,,,no,yes,no,CastModifiers -> immutable snapshot/shared primitives,class/profile + cast architecture + strict source graph,src/main/java/hu/taliann/icesmp/spells/ConfusionSpell.java:29,src/main/java/hu/taliann/icesmp/core/IceSMPCore.java:775
consecrated_ground,Megszentelt Föld,paladin,protection,SPEC,yes,yes,ConfiguredSpell,configured,A,immediate AOE damage primitive; no persistent/scheduled lifecycle,36,protection,yes,class default / primordial,,AOE,45,5,3,,,,no,no,no,CastModifiers -> immutable snapshot/shared primitives,class/profile + cast architecture + strict source graph,src/main/java/hu/taliann/icesmp/spells/SpellCatalog.java:1617,src/main/java/hu/taliann/icesmp/spells/SpellCatalog.java:1617
consecration,Megszentelés,paladin,,BASE,yes,yes,ConfiguredSpell,configured,A,immediate AOE damage primitive; no persistent/scheduled lifecycle,11,protection,yes,class default / primordial,,AOE,60,5,2,,,,no,no,no,CastModifiers -> immutable snapshot/shared primitives,class/profile + cast architecture + strict source graph,src/main/java/hu/taliann/icesmp/spells/SpellCatalog.java:795,src/main/java/hu/taliann/icesmp/spells/SpellCatalog.java:795
consume_magic,Mágiafalás,demon_hunter,,BASE,yes,yes,ConfiguredSpell,configured,A,immediate SELF utility primitive; no persistent/scheduled lifecycle,15,,yes,class default / primordial,,SELF,45,3,,,,,no,no,no,CastModifiers -> immutable snapshot/shared primitives,class/profile + cast architecture + strict source graph,src/main/java/hu/taliann/icesmp/spells/SpellCatalog.java:1429,src/main/java/hu/taliann/icesmp/spells/SpellCatalog.java:1429
contagion,Ragály,assassin,poisoner,SPEC,yes,yes,ConfiguredSpell,configured,A,immediate AOE utility primitive; no persistent/scheduled lifecycle,34,poisoner,yes,class default / primordial,plague-spread,AOE,120,7,,,,,no,no,no,CastModifiers -> immutable snapshot/shared primitives,class/profile + cast architecture + strict source graph,src/main/java/hu/taliann/icesmp/spells/SpellCatalog.java:597,src/main/java/hu/taliann/icesmp/spells/SpellCatalog.java:597
corruption,Romlás,warlock,,BASE,yes,yes,ConfiguredSpell,configured,A,immediate TARGET utility primitive; no persistent/scheduled lifecycle,4,affliction,yes,class default / primordial,shadow-detonate,TARGET,25,25,,,,,no,no,no,CastModifiers -> immutable snapshot/shared primitives,class/profile + cast architecture + strict source graph,src/main/java/hu/taliann/icesmp/spells/SpellCatalog.java:1369,src/main/java/hu/taliann/icesmp/spells/SpellCatalog.java:1369
crash_lightning,Robbanó Villám,shaman,enhancement,SPEC,yes,yes,ConfiguredSpell,configured,A,immediate AOE damage primitive; no persistent/scheduled lifecycle,33,enhancement,yes,class default / primordial,,AOE,45,45,5,,,,no,no,no,CastModifiers -> immutable snapshot/shared primitives,class/profile + cast architecture + strict source graph,src/main/java/hu/taliann/icesmp/spells/SpellCatalog.java:1187,src/main/java/hu/taliann/icesmp/spells/SpellCatalog.java:1187
crusader_strike,Keresztes Csapás,paladin,retribution,SPEC,yes,yes,ConfiguredSpell,configured,A,immediate TARGET damage primitive; no persistent/scheduled lifecycle,25,retribution,yes,class default / primordial,,TARGET,20,3,6,,,,no,no,no,CastModifiers -> immutable snapshot/shared primitives,class/profile + cast architecture + strict source graph,src/main/java/hu/taliann/icesmp/spells/SpellCatalog.java:857,src/main/java/hu/taliann/icesmp/spells/SpellCatalog.java:857
curse_of_agony,Gyötrelem Átka,warlock,,BASE,yes,yes,ConfiguredSpell,configured,A,immediate TARGET utility primitive; no persistent/scheduled lifecycle,17,,yes,class default / primordial,,TARGET,45,3,,,,,no,no,no,CastModifiers -> immutable snapshot/shared primitives,class/profile + cast architecture + strict source graph,src/main/java/hu/taliann/icesmp/spells/SpellCatalog.java:1381,src/main/java/hu/taliann/icesmp/spells/SpellCatalog.java:1381
curse_of_weakness,Gyengeség Átka,warlock,,BASE,yes,yes,ConfiguredSpell,configured,A,immediate TARGET utility primitive; no persistent/scheduled lifecycle,8,,yes,class default / primordial,,TARGET,30,3,,,,,no,no,no,CastModifiers -> immutable snapshot/shared primitives,class/profile + cast architecture + strict source graph,src/main/java/hu/taliann/icesmp/spells/SpellCatalog.java:1371,src/main/java/hu/taliann/icesmp/spells/SpellCatalog.java:1371
cyclone,Ciklon,druid,,BASE,yes,yes,ConfiguredSpell,configured,A,immediate TARGET cc primitive; no persistent/scheduled lifecycle,19,,yes,class default / primordial,,TARGET,50,4,,,SLOWNESS,,no,no,no,CastModifiers -> immutable snapshot/shared primitives,class/profile + cast architecture + strict source graph,src/main/java/hu/taliann/icesmp/spells/SpellCatalog.java:698,src/main/java/hu/taliann/icesmp/spells/SpellCatalog.java:698
dagger_throw,Tőrhajítás,assassin,,BASE,yes,yes,ProjectileBurstSpell,projectile,,,2,,yes,class default / primordial,,implementation-defined,15,2,,,,,no,no,yes,CastModifiers -> immutable snapshot/shared primitives,class/profile + cast architecture + strict source graph,src/main/java/hu/taliann/icesmp/spells/SpellCatalog.java:291,src/main/java/hu/taliann/icesmp/spells/SpellCatalog.java:291
dancing_rune_weapon,Táncoló Rúnafegyver,death_knight,blood,SPEC,yes,yes,ConfiguredSpell,configured,A,immediate AOE damage/healing primitive; no persistent/scheduled lifecycle,45,blood,yes,class default / primordial,,AOE,300,150,8,8,,,no,no,no,CastModifiers -> immutable snapshot/shared primitives,class/profile + cast architecture + strict source graph,src/main/java/hu/taliann/icesmp/spells/SpellCatalog.java:949,src/main/java/hu/taliann/icesmp/spells/SpellCatalog.java:949
dark_command,Sötét Parancs,death_knight,,BASE,yes,yes,ConfiguredSpell,configured,A,immediate AOE cc primitive; no persistent/scheduled lifecycle,19,,yes,class default / primordial,,AOE,60,40,,,SLOWNESS,,no,no,no,CastModifiers -> immutable snapshot/shared primitives,class/profile + cast architecture + strict source graph,src/main/java/hu/taliann/icesmp/spells/SpellCatalog.java:917,src/main/java/hu/taliann/icesmp/spells/SpellCatalog.java:917
darkglare,Sötét Tekintet,warlock,affliction,SPEC,yes,yes,ConfiguredSpell,configured,B,generic gameplay retained; signature presentation/VFX readability is intentionally distinct,45,affliction,yes,class default / primordial,,AOE,300,150,7,,,,no,no,no,CastModifiers -> immutable snapshot/shared primitives,class/profile + cast architecture + strict source graph,src/main/java/hu/taliann/icesmp/spells/SpellCatalog.java:1399,src/main/java/hu/taliann/icesmp/spells/SpellCatalog.java:1399
deadeye,Sasles,archer,sharpshooter,SPEC,yes,yes,ConfiguredSpell,configured,A,immediate AOE utility primitive; no persistent/scheduled lifecycle,26,sharpshooter,yes,class default / primordial,,AOE,60,4,,,,,no,no,no,CastModifiers -> immutable snapshot/shared primitives,class/profile + cast architecture + strict source graph,src/main/java/hu/taliann/icesmp/spells/SpellCatalog.java:506,src/main/java/hu/taliann/icesmp/spells/SpellCatalog.java:506
death_coil,Halálfonál,death_knight,,BASE,yes,yes,ConfiguredSpell,configured,A,immediate TARGET damage primitive; no persistent/scheduled lifecycle,6,,yes,class default / primordial,,TARGET,30,35,5,,,,no,no,no,CastModifiers -> immutable snapshot/shared primitives,class/profile + cast architecture + strict source graph,src/main/java/hu/taliann/icesmp/spells/SpellCatalog.java:897,src/main/java/hu/taliann/icesmp/spells/SpellCatalog.java:897
death_mark,Haláljegy,assassin,,BASE,yes,yes,ConfiguredSpell,configured,A,immediate TARGET utility primitive; no persistent/scheduled lifecycle,24,,yes,class default / primordial,,TARGET,120,60,,,,,no,no,no,CastModifiers -> immutable snapshot/shared primitives,class/profile + cast architecture + strict source graph,src/main/java/hu/taliann/icesmp/spells/SpellCatalog.java:323,src/main/java/hu/taliann/icesmp/spells/SpellCatalog.java:323
death_pact,Halálpaktum,wizard,necromancer,SPEC,yes,yes,ConfiguredSpell,configured,A,immediate SELF utility primitive; no persistent/scheduled lifecycle,39,,yes,class default / primordial,,SELF,150,40,,,,,no,no,no,CastModifiers -> immutable snapshot/shared primitives,class/profile + cast architecture + strict source graph,src/main/java/hu/taliann/icesmp/spells/SpellCatalog.java:390,src/main/java/hu/taliann/icesmp/spells/SpellCatalog.java:390
death_strike,Halálcsapás,death_knight,,BASE,yes,yes,ConfiguredSpell,configured,A,immediate TARGET damage/healing primitive; no persistent/scheduled lifecycle,2,blood,yes,class default / primordial,,TARGET,20,30,6,3,,,no,no,no,CastModifiers -> immutable snapshot/shared primitives,class/profile + cast architecture + strict source graph,src/main/java/hu/taliann/icesmp/spells/SpellCatalog.java:893,src/main/java/hu/taliann/icesmp/spells/SpellCatalog.java:893
deathcap,Gyilkos Galóca,assassin,poisoner,SPEC,yes,yes,ConfiguredSpell,configured,B,generic gameplay retained; signature presentation/VFX readability is intentionally distinct,45,poisoner,yes,class default / primordial,,TARGET,240,70,4,,,,no,no,no,CastModifiers -> immutable snapshot/shared primitives,class/profile + cast architecture + strict source graph,src/main/java/hu/taliann/icesmp/spells/SpellCatalog.java:616,src/main/java/hu/taliann/icesmp/spells/SpellCatalog.java:616
debilitating_poison,Sorvasztó Méreg,assassin,poisoner,SPEC,yes,yes,ConfiguredSpell,configured,A,immediate TARGET utility primitive; no persistent/scheduled lifecycle,42,,yes,class default / primordial,,TARGET,90,50,,,,,no,no,no,CastModifiers -> immutable snapshot/shared primitives,class/profile + cast architecture + strict source graph,src/main/java/hu/taliann/icesmp/spells/SpellCatalog.java:611,src/main/java/hu/taliann/icesmp/spells/SpellCatalog.java:611
deep_breath,Mély Lélegzet,evoker,,BASE,yes,yes,DeepBreathSpell,stateful,,,19,,yes,class default / primordial,,implementation-defined,90,60,6,,,,no,yes,no,CastModifiers -> immutable snapshot/shared primitives,class/profile + cast architecture + strict source graph,src/main/java/hu/taliann/icesmp/spells/DeepBreathSpell.java:36,src/main/java/hu/taliann/icesmp/core/IceSMPCore.java:802
demon_armor,Démonpáncél,warlock,,BASE,yes,yes,ConfiguredSpell,configured,A,immediate SELF utility primitive; no persistent/scheduled lifecycle,19,,yes,class default / primordial,,SELF,90,40,,,,,no,no,no,CastModifiers -> immutable snapshot/shared primitives,class/profile + cast architecture + strict source graph,src/main/java/hu/taliann/icesmp/spells/SpellCatalog.java:1379,src/main/java/hu/taliann/icesmp/spells/SpellCatalog.java:1379
demon_skin,Démonbőr,warlock,demonologist,SPEC,yes,yes,ConfiguredSpell,configured,A,immediate SELF utility primitive; no persistent/scheduled lifecycle,33,demonologist,yes,class default / primordial,,SELF,90,45,,,,,no,no,no,CastModifiers -> immutable snapshot/shared primitives,class/profile + cast architecture + strict source graph,src/main/java/hu/taliann/icesmp/spells/SpellCatalog.java:1086,src/main/java/hu/taliann/icesmp/spells/SpellCatalog.java:1086
demon_spikes,Démontüskék,demon_hunter,vengeance,SPEC,yes,yes,ConfiguredSpell,configured,A,immediate SELF utility primitive; no persistent/scheduled lifecycle,28,vengeance,yes,class default / primordial,,SELF,60,4,,,,,no,no,no,CastModifiers -> immutable snapshot/shared primitives,class/profile + cast architecture + strict source graph,src/main/java/hu/taliann/icesmp/spells/SpellCatalog.java:1461,src/main/java/hu/taliann/icesmp/spells/SpellCatalog.java:1461
demonic_circle,Démoni Kör,warlock,,BASE,yes,yes,DemonicCircleSpell,stateful,,,21,,yes,class default / primordial,,implementation-defined,45,3,,,,,no,yes,no,CastModifiers -> immutable snapshot/shared primitives,class/profile + cast architecture + strict source graph,src/main/java/hu/taliann/icesmp/spells/DemonicCircleSpell.java:35,src/main/java/hu/taliann/icesmp/core/IceSMPCore.java:793
demons_bite,Démon Harapása,demon_hunter,,BASE,yes,yes,ConfiguredSpell,configured,A,immediate TARGET damage primitive; no persistent/scheduled lifecycle,2,havoc,yes,class default / primordial,,TARGET,15,2,5,,,,no,no,no,CastModifiers -> immutable snapshot/shared primitives,class/profile + cast architecture + strict source graph,src/main/java/hu/taliann/icesmp/spells/SpellCatalog.java:1423,src/main/java/hu/taliann/icesmp/spells/SpellCatalog.java:1423
devotion_aura,Áhítat Aurája,paladin,,BASE,yes,yes,DevotionAuraSpell,stateful,,,6,,yes,class default / primordial,,implementation-defined,60,4,,,,,no,yes,no,CastModifiers -> immutable snapshot/shared primitives,class/profile + cast architecture + strict source graph,src/main/java/hu/taliann/icesmp/spells/DevotionAuraSpell.java:30,src/main/java/hu/taliann/icesmp/core/IceSMPCore.java:796
disengage,Hátraszökkenés,archer,,BASE,yes,yes,ConfiguredSpell,configured,A,immediate SELF mobility primitive; no persistent/scheduled lifecycle,5,,yes,class default / primordial,,SELF,15,3,,,,dash,no,no,no,CastModifiers -> immutable snapshot/shared primitives,class/profile + cast architecture + strict source graph,src/main/java/hu/taliann/icesmp/spells/SpellCatalog.java:263,src/main/java/hu/taliann/icesmp/spells/SpellCatalog.java:263
disintegrate,Szétbontás,evoker,devastation,SPEC,yes,yes,ConfiguredSpell,configured,A,immediate TARGET damage primitive; no persistent/scheduled lifecycle,28,devastation,yes,class default / primordial,,TARGET,25,40,7,,,,no,no,no,CastModifiers -> immutable snapshot/shared primitives,class/profile + cast architecture + strict source graph,src/main/java/hu/taliann/icesmp/spells/SpellCatalog.java:1499,src/main/java/hu/taliann/icesmp/spells/SpellCatalog.java:1499
dispel,Feloldozás,priest,,BASE,yes,yes,ConfiguredSpell,configured,A,immediate SELF utility primitive; no persistent/scheduled lifecycle,15,,yes,class default / primordial,,SELF,60,4,,,,,no,no,no,CastModifiers -> immutable snapshot/shared primitives,class/profile + cast architecture + strict source graph,src/main/java/hu/taliann/icesmp/spells/SpellCatalog.java:1319,src/main/java/hu/taliann/icesmp/spells/SpellCatalog.java:1319
dispersion,Szóródás,priest,shadow,SPEC,yes,yes,ConfiguredSpell,configured,A,immediate SELF utility primitive; no persistent/scheduled lifecycle,36,shadow,yes,class default / primordial,,SELF,120,6,,,,,no,no,no,CastModifiers -> immutable snapshot/shared primitives,class/profile + cast architecture + strict source graph,src/main/java/hu/taliann/icesmp/spells/SpellCatalog.java:1359,src/main/java/hu/taliann/icesmp/spells/SpellCatalog.java:1359
divine_protection,Isteni Védelem,paladin,,BASE,yes,yes,ConfiguredSpell,configured,A,immediate SELF utility primitive; no persistent/scheduled lifecycle,17,,yes,class default / primordial,,SELF,180,80,,,,,no,no,no,CastModifiers -> immutable snapshot/shared primitives,class/profile + cast architecture + strict source graph,src/main/java/hu/taliann/icesmp/spells/SpellCatalog.java:807,src/main/java/hu/taliann/icesmp/spells/SpellCatalog.java:807
divine_shield,Isteni Pajzs,paladin,holy,SPEC,yes,yes,ConfiguredSpell,configured,A,immediate SELF utility primitive; no persistent/scheduled lifecycle,39,holy,yes,class default / primordial,,SELF,180,8,,,,,no,no,no,CastModifiers -> immutable snapshot/shared primitives,class/profile + cast architecture + strict source graph,src/main/java/hu/taliann/icesmp/spells/SpellCatalog.java:832,src/main/java/hu/taliann/icesmp/spells/SpellCatalog.java:832
divine_storm,Isteni Vihar,paladin,retribution,SPEC,yes,yes,ConfiguredSpell,configured,A,immediate AOE damage primitive; no persistent/scheduled lifecycle,39,retribution,yes,class default / primordial,,AOE,60,5,5,,,,no,no,no,CastModifiers -> immutable snapshot/shared primitives,class/profile + cast architecture + strict source graph,src/main/java/hu/taliann/icesmp/spells/SpellCatalog.java:869,src/main/java/hu/taliann/icesmp/spells/SpellCatalog.java:869
doom_winds,Végzetszél,shaman,enhancement,SPEC,yes,yes,ConfiguredSpell,configured,B,generic gameplay retained; signature presentation/VFX readability is intentionally distinct,45,enhancement,yes,class default / primordial,,AOE,300,150,8,,,,no,no,no,CastModifiers -> immutable snapshot/shared primitives,class/profile + cast architecture + strict source graph,src/main/java/hu/taliann/icesmp/spells/SpellCatalog.java:1199,src/main/java/hu/taliann/icesmp/spells/SpellCatalog.java:1199
double_jump,Dupla Ugras,archer,,BASE,yes,yes,DoubleJumpSpell,stateful,,,15,,yes,class default / primordial,,implementation-defined,5,3,,,,,no,no,no,CastModifiers -> immutable snapshot/shared primitives,class/profile + cast architecture + strict source graph,src/main/java/hu/taliann/icesmp/spells/DoubleJumpSpell.java:18,src/main/java/hu/taliann/icesmp/core/IceSMPCore.java:764
double_tap,Duplalövés,archer,sharpshooter,SPEC,yes,yes,ProjectileBurstSpell,projectile,,,29,,yes,class default / primordial,,implementation-defined,30,4,,,,,no,no,yes,CastModifiers -> immutable snapshot/shared primitives,class/profile + cast architecture + strict source graph,src/main/java/hu/taliann/icesmp/spells/SpellCatalog.java:515,src/main/java/hu/taliann/icesmp/spells/SpellCatalog.java:515
dragonrage,Sárkánydüh,evoker,devastation,SPEC,yes,yes,ConfiguredSpell,configured,B,generic gameplay retained; signature presentation/VFX readability is intentionally distinct,39,,yes,class default / primordial,,SELF,90,6,,,,,no,no,no,CastModifiers -> immutable snapshot/shared primitives,class/profile + cast architecture + strict source graph,src/main/java/hu/taliann/icesmp/spells/SpellCatalog.java:1505,src/main/java/hu/taliann/icesmp/spells/SpellCatalog.java:1505
drain_life,Életszívás,warlock,,BASE,yes,yes,ConfiguredSpell,configured,A,immediate TARGET damage/healing primitive; no persistent/scheduled lifecycle,6,,yes,class default / primordial,,TARGET,45,35,3,4,,,no,no,no,CastModifiers -> immutable snapshot/shared primitives,class/profile + cast architecture + strict source graph,src/main/java/hu/taliann/icesmp/spells/SpellCatalog.java:1373,src/main/java/hu/taliann/icesmp/spells/SpellCatalog.java:1373
dread_aura,Rettegésaura,wizard,necromancer,SPEC,yes,yes,ConfiguredSpell,configured,A,immediate AOE utility primitive; no persistent/scheduled lifecycle,32,,yes,class default / primordial,,AOE,120,4,,,,,no,no,no,CastModifiers -> immutable snapshot/shared primitives,class/profile + cast architecture + strict source graph,src/main/java/hu/taliann/icesmp/spells/SpellCatalog.java:376,src/main/java/hu/taliann/icesmp/spells/SpellCatalog.java:376
dread_whisper,Rémsuttogás,assassin,phantom,SPEC,yes,yes,ConfiguredSpell,configured,A,immediate TARGET utility primitive; no persistent/scheduled lifecycle,42,,yes,class default / primordial,,TARGET,90,3,,,,,no,no,no,CastModifiers -> immutable snapshot/shared primitives,class/profile + cast architecture + strict source graph,src/main/java/hu/taliann/icesmp/spells/SpellCatalog.java:657,src/main/java/hu/taliann/icesmp/spells/SpellCatalog.java:657
dream_breath,Álomlehelet,evoker,preservation,SPEC,yes,yes,ConfiguredSpell,configured,A,immediate AOE healing primitive; no persistent/scheduled lifecycle,25,preservation,yes,class default / primordial,,AOE,60,5,,3,,,no,no,no,CastModifiers -> immutable snapshot/shared primitives,class/profile + cast architecture + strict source graph,src/main/java/hu/taliann/icesmp/spells/SpellCatalog.java:1515,src/main/java/hu/taliann/icesmp/spells/SpellCatalog.java:1515
druid_bear_form,Medveforma,druid,,BASE,yes,yes,DruidFormSpell,form,,,13,,yes,class default / primordial,,implementation-defined,6,50,,,,,no,no,no,CastModifiers -> immutable snapshot/shared primitives,class/profile + cast architecture + strict source graph,src/main/java/hu/taliann/icesmp/spells/DruidFormSpell.java:47,src/main/java/hu/taliann/icesmp/spells/SpellCatalog.java:674
druid_cat_form,Párducforma,druid,,BASE,yes,yes,DruidFormSpell,form,,,7,,yes,class default / primordial,,implementation-defined,6,50,,,,,no,no,no,CastModifiers -> immutable snapshot/shared primitives,class/profile + cast architecture + strict source graph,src/main/java/hu/taliann/icesmp/spells/DruidFormSpell.java:55,src/main/java/hu/taliann/icesmp/spells/SpellCatalog.java:675
druid_moonkin_form,Holdforma,druid,,BASE,yes,yes,DruidFormSpell,form,,,21,,yes,class default / primordial,,implementation-defined,6,50,,,,,no,no,no,CastModifiers -> immutable snapshot/shared primitives,class/profile + cast architecture + strict source graph,src/main/java/hu/taliann/icesmp/spells/DruidFormSpell.java:60,src/main/java/hu/taliann/icesmp/spells/SpellCatalog.java:676
druid_travel_form,Utazóforma,druid,,BASE,yes,yes,DruidFormSpell,form,,,17,,yes,class default / primordial,,implementation-defined,6,50,,,,,no,no,no,CastModifiers -> immutable snapshot/shared primitives,class/profile + cast architecture + strict source graph,src/main/java/hu/taliann/icesmp/spells/DruidFormSpell.java:66,src/main/java/hu/taliann/icesmp/spells/SpellCatalog.java:677
eagle_eye,Sasszem,archer,,BASE,yes,yes,EagleEyeSpell,dedicated,,,3,,yes,class default / primordial,,implementation-defined,90,40,,,,,no,no,no,CastModifiers -> immutable snapshot/shared primitives,class/profile + cast architecture + strict source graph,src/main/java/hu/taliann/icesmp/spells/EagleEyeSpell.java:14,src/main/java/hu/taliann/icesmp/core/IceSMPCore.java:779
earth_shield,Földpajzs,shaman,tidal,SPEC,yes,yes,ConfiguredSpell,configured,A,immediate SELF utility primitive; no persistent/scheduled lifecycle,33,,yes,class default / primordial,,SELF,75,5,,,,,no,no,no,CastModifiers -> immutable snapshot/shared primitives,class/profile + cast architecture + strict source graph,src/main/java/hu/taliann/icesmp/spells/SpellCatalog.java:1581,src/main/java/hu/taliann/icesmp/spells/SpellCatalog.java:1581
earth_shock,Földrengés,shaman,,BASE,yes,yes,ConfiguredSpell,configured,A,immediate AOE damage primitive; no persistent/scheduled lifecycle,6,,yes,class default / primordial,elemental-overload,AOE,30,30,5,,,,no,no,no,CastModifiers -> immutable snapshot/shared primitives,class/profile + cast architecture + strict source graph,src/main/java/hu/taliann/icesmp/spells/SpellCatalog.java:1109,src/main/java/hu/taliann/icesmp/spells/SpellCatalog.java:1109
earthbind_totem,Földbéklyó-totem,shaman,elemental,SPEC,yes,yes,ShamanTotemSpell,stateful,,,27,,yes,class default / primordial,,implementation-defined,75,5,,,,,no,yes,no,CastModifiers -> immutable snapshot/shared primitives,class/profile + cast architecture + strict source graph,src/main/java/hu/taliann/icesmp/managers/TotemManager.java:58,src/main/java/hu/taliann/icesmp/core/IceSMPCore.java:818
earthen_weapon,Földi Fegyver,shaman,enhancement,SPEC,yes,yes,ConfiguredSpell,configured,A,immediate SELF utility primitive; no persistent/scheduled lifecycle,42,,yes,class default / primordial,,SELF,90,5,,,,,no,no,no,CastModifiers -> immutable snapshot/shared primitives,class/profile + cast architecture + strict source graph,src/main/java/hu/taliann/icesmp/spells/SpellCatalog.java:1195,src/main/java/hu/taliann/icesmp/spells/SpellCatalog.java:1195
earthquake,Földmoraj,shaman,elemental,SPEC,yes,yes,ConfiguredSpell,configured,A,immediate AOE damage primitive; no persistent/scheduled lifecycle,30,,yes,class default / primordial,,AOE,60,55,4,,,,no,no,no,CastModifiers -> immutable snapshot/shared primitives,class/profile + cast architecture + strict source graph,src/main/java/hu/taliann/icesmp/spells/SpellCatalog.java:1147,src/main/java/hu/taliann/icesmp/spells/SpellCatalog.java:1147
echo,Visszhang,evoker,preservation,SPEC,yes,yes,ConfiguredSpell,configured,A,immediate SELF utility primitive; no persistent/scheduled lifecycle,33,preservation,yes,class default / primordial,,SELF,60,5,,,,,no,no,no,CastModifiers -> immutable snapshot/shared primitives,class/profile + cast architecture + strict source graph,src/main/java/hu/taliann/icesmp/spells/SpellCatalog.java:1521,src/main/java/hu/taliann/icesmp/spells/SpellCatalog.java:1521
elemental_blast,Elemi Robbanás,shaman,elemental,SPEC,yes,yes,ConfiguredSpell,configured,A,immediate TARGET damage/cc primitive; no persistent/scheduled lifecycle,33,,yes,class default / primordial,,TARGET,45,50,6,,FREEZE,,no,no,no,CastModifiers -> immutable snapshot/shared primitives,class/profile + cast architecture + strict source graph,src/main/java/hu/taliann/icesmp/spells/SpellCatalog.java:1155,src/main/java/hu/taliann/icesmp/spells/SpellCatalog.java:1155
elemental_overload,Elemi Túltöltés,wizard,elementalist,SPEC,yes,yes,ConfiguredSpell,configured,A,immediate AOE damage/cc primitive; no persistent/scheduled lifecycle,45,elementalist,yes,class default / primordial,,AOE,300,150,5,,FREEZE,,no,no,no,CastModifiers -> immutable snapshot/shared primitives,class/profile + cast architecture + strict source graph,src/main/java/hu/taliann/icesmp/spells/SpellCatalog.java:359,src/main/java/hu/taliann/icesmp/spells/SpellCatalog.java:359
ember_storm,Parázsvihar,wizard,elementalist,SPEC,yes,yes,ConfiguredSpell,configured,A,immediate AOE damage primitive; no persistent/scheduled lifecycle,33,elementalist,yes,class default / primordial,,AOE,120,70,2,,,,no,no,no,CastModifiers -> immutable snapshot/shared primitives,class/profile + cast architecture + strict source graph,src/main/java/hu/taliann/icesmp/spells/SpellCatalog.java:343,src/main/java/hu/taliann/icesmp/spells/SpellCatalog.java:343
emerald_blossom,Smaragd Virág,evoker,,BASE,yes,yes,ConfiguredSpell,configured,A,immediate SELF healing primitive; no persistent/scheduled lifecycle,6,preservation,yes,class default / primordial,,SELF,45,40,,5,,,no,no,no,CastModifiers -> immutable snapshot/shared primitives,class/profile + cast architecture + strict source graph,src/main/java/hu/taliann/icesmp/spells/SpellCatalog.java:1483,src/main/java/hu/taliann/icesmp/spells/SpellCatalog.java:1483
entangling_roots,Gyökérfonat,druid,,BASE,yes,yes,ConfiguredSpell,configured,A,immediate TARGET cc primitive; no persistent/scheduled lifecycle,9,ironbark,yes,class default / primordial,,TARGET,45,40,,,SLOWNESS,,no,no,no,CastModifiers -> immutable snapshot/shared primitives,class/profile + cast architecture + strict source graph,src/main/java/hu/taliann/icesmp/spells/SpellCatalog.java:686,src/main/java/hu/taliann/icesmp/spells/SpellCatalog.java:686
enveloping_mist,Beborító Köd,monk,mistweaver,SPEC,yes,yes,ConfiguredSpell,configured,A,immediate AOE healing primitive; no persistent/scheduled lifecycle,30,mistweaver,yes,class default / primordial,,AOE,30,4,,3,,,no,no,no,CastModifiers -> immutable snapshot/shared primitives,class/profile + cast architecture + strict source graph,src/main/java/hu/taliann/icesmp/spells/SpellCatalog.java:1595,src/main/java/hu/taliann/icesmp/spells/SpellCatalog.java:1595
epidemic,Ragály,death_knight,unholy,SPEC,yes,yes,ConfiguredSpell,configured,A,immediate AOE damage primitive; no persistent/scheduled lifecycle,39,unholy,yes,arnyek,,AOE,75,50,5.0,,,,no,no,no,CastModifiers -> immutable snapshot/shared primitives,class/profile + cast architecture + strict source graph,src/main/java/hu/taliann/icesmp/spells/SpellCatalog.java:1010,src/main/java/hu/taliann/icesmp/spells/SpellCatalog.java:1010
essence_break,Esszencia Törés,demon_hunter,havoc,SPEC,yes,yes,ConfiguredSpell,configured,A,immediate TARGET damage primitive; no persistent/scheduled lifecycle,36,,yes,class default / primordial,,TARGET,60,55,8,,,,no,no,no,CastModifiers -> immutable snapshot/shared primitives,class/profile + cast architecture + strict source graph,src/main/java/hu/taliann/icesmp/spells/SpellCatalog.java:1451,src/main/java/hu/taliann/icesmp/spells/SpellCatalog.java:1451
essence_font,Esszencia-forrás,monk,mistweaver,SPEC,yes,yes,ConfiguredSpell,configured,A,immediate AOE utility primitive; no persistent/scheduled lifecycle,39,mistweaver,yes,class default / primordial,,AOE,90,6,,,,,no,no,no,CastModifiers -> immutable snapshot/shared primitives,class/profile + cast architecture + strict source graph,src/main/java/hu/taliann/icesmp/spells/SpellCatalog.java:1603,src/main/java/hu/taliann/icesmp/spells/SpellCatalog.java:1603
eternity_breath,Örök Lehelet,evoker,devastation,SPEC,yes,yes,ConfiguredSpell,configured,B,generic gameplay retained; signature presentation/VFX readability is intentionally distinct,45,devastation,yes,class default / primordial,,AOE,300,150,9,,,,no,no,no,CastModifiers -> immutable snapshot/shared primitives,class/profile + cast architecture + strict source graph,src/main/java/hu/taliann/icesmp/spells/SpellCatalog.java:1509,src/main/java/hu/taliann/icesmp/spells/SpellCatalog.java:1509
eternity_surge,Örökkévalóság Hulláma,evoker,devastation,SPEC,yes,yes,ConfiguredSpell,configured,A,immediate AOE damage primitive; no persistent/scheduled lifecycle,30,devastation,yes,class default / primordial,,AOE,60,55,6,,,,no,no,no,CastModifiers -> immutable snapshot/shared primitives,class/profile + cast architecture + strict source graph,src/main/java/hu/taliann/icesmp/spells/SpellCatalog.java:1501,src/main/java/hu/taliann/icesmp/spells/SpellCatalog.java:1501
ethereal_form,Éteri Forma,assassin,phantom,SPEC,yes,yes,ConfiguredSpell,configured,A,immediate SELF utility primitive; no persistent/scheduled lifecycle,37,phantom,yes,class default / primordial,,SELF,180,7,,,,,no,no,no,CastModifiers -> immutable snapshot/shared primitives,class/profile + cast architecture + strict source graph,src/main/java/hu/taliann/icesmp/spells/SpellCatalog.java:647,src/main/java/hu/taliann/icesmp/spells/SpellCatalog.java:647
evangelism,Evangelizáció,priest,discipline,SPEC,yes,yes,ConfiguredSpell,configured,B,generic gameplay retained; signature presentation/VFX readability is intentionally distinct,45,discipline,yes,class default / primordial,,AOE,300,150,,8,,,no,no,no,CastModifiers -> immutable snapshot/shared primitives,class/profile + cast architecture + strict source graph,src/main/java/hu/taliann/icesmp/spells/SpellCatalog.java:1343,src/main/java/hu/taliann/icesmp/spells/SpellCatalog.java:1343
evasion,Kitérés,assassin,,BASE,yes,yes,ConfiguredSpell,configured,A,immediate SELF mobility primitive; no persistent/scheduled lifecycle,15,,yes,class default / primordial,,SELF,90,40,,,,dash,no,no,no,CastModifiers -> immutable snapshot/shared primitives,class/profile + cast architecture + strict source graph,src/main/java/hu/taliann/icesmp/spells/SpellCatalog.java:308,src/main/java/hu/taliann/icesmp/spells/SpellCatalog.java:308
expel_harm,Ártalom Kiűzése,monk,,BASE,yes,yes,ExpelHarmSpell,stateful,,,19,,yes,class default / primordial,,implementation-defined,90,45,2,4,,,no,yes,no,CastModifiers -> immutable snapshot/shared primitives,class/profile + cast architecture + strict source graph,src/main/java/hu/taliann/icesmp/spells/ExpelHarmSpell.java:41,src/main/java/hu/taliann/icesmp/core/IceSMPCore.java:795
eye_beam,Szemsugár,demon_hunter,havoc,SPEC,yes,yes,ConfiguredSpell,configured,A,immediate TARGET damage primitive; no persistent/scheduled lifecycle,28,havoc,yes,class default / primordial,,TARGET,60,55,7,,,,no,no,no,CastModifiers -> immutable snapshot/shared primitives,class/profile + cast architecture + strict source graph,src/main/java/hu/taliann/icesmp/spells/SpellCatalog.java:1443,src/main/java/hu/taliann/icesmp/spells/SpellCatalog.java:1443
fade,Elhalványulás,priest,,BASE,yes,yes,ConfiguredSpell,configured,A,immediate SELF utility primitive; no persistent/scheduled lifecycle,19,,yes,class default / primordial,,SELF,75,50,,,,,no,no,no,CastModifiers -> immutable snapshot/shared primitives,class/profile + cast architecture + strict source graph,src/main/java/hu/taliann/icesmp/spells/SpellCatalog.java:1323,src/main/java/hu/taliann/icesmp/spells/SpellCatalog.java:1323
falcon_strike,Sólyomcsapás,archer,beast_master,SPEC,yes,yes,ConfiguredSpell,configured,A,immediate TARGET damage/cc primitive; no persistent/scheduled lifecycle,42,,yes,class default / primordial,,TARGET,60,5,5,,BLINDNESS,,no,no,no,CastModifiers -> immutable snapshot/shared primitives,class/profile + cast architecture + strict source graph,src/main/java/hu/taliann/icesmp/spells/SpellCatalog.java:567,src/main/java/hu/taliann/icesmp/spells/SpellCatalog.java:567
fear,Rettegés,warlock,,BASE,yes,yes,ConfiguredSpell,configured,A,immediate TARGET cc primitive; no persistent/scheduled lifecycle,15,,yes,class default / primordial,,TARGET,60,35,,,SLOWNESS,,no,no,no,CastModifiers -> immutable snapshot/shared primitives,class/profile + cast architecture + strict source graph,src/main/java/hu/taliann/icesmp/spells/SpellCatalog.java:1377,src/main/java/hu/taliann/icesmp/spells/SpellCatalog.java:1377
feast,Lakoma,warrior,berserker,SPEC,yes,yes,FeastSpell,dedicated,,,25,,yes,class default / primordial,,implementation-defined,120,352,,,,,no,no,no,CastModifiers -> immutable snapshot/shared primitives,class/profile + cast architecture + strict source graph,src/main/java/hu/taliann/icesmp/spells/FeastSpell.java:9,src/main/java/hu/taliann/icesmp/core/IceSMPCore.java:771
featherfoot,Pehelykonyu Leptu,archer,sharpshooter,SPEC,yes,yes,FeatherfootSpell,dedicated,,,25,,yes,class default / primordial,,implementation-defined,45,1,,,,,no,no,no,CastModifiers -> immutable snapshot/shared primitives,class/profile + cast architecture + strict source graph,src/main/java/hu/taliann/icesmp/spells/FeatherfootSpell.java:11,src/main/java/hu/taliann/icesmp/core/IceSMPCore.java:766
fel_barrage,Fel Sortűz,demon_hunter,havoc,SPEC,yes,yes,ConfiguredSpell,configured,A,immediate AOE damage primitive; no persistent/scheduled lifecycle,30,,yes,class default / primordial,,AOE,75,55,5,,,,no,no,no,CastModifiers -> immutable snapshot/shared primitives,class/profile + cast architecture + strict source graph,src/main/java/hu/taliann/icesmp/spells/SpellCatalog.java:1445,src/main/java/hu/taliann/icesmp/spells/SpellCatalog.java:1445
fel_blade,Fel Penge,demon_hunter,vengeance,SPEC,yes,yes,ConfiguredSpell,configured,A,immediate AOE damage/healing primitive; no persistent/scheduled lifecycle,45,vengeance,yes,class default / primordial,,AOE,300,150,8,8,,,no,no,no,CastModifiers -> immutable snapshot/shared primitives,class/profile + cast architecture + strict source graph,src/main/java/hu/taliann/icesmp/spells/SpellCatalog.java:1471,src/main/java/hu/taliann/icesmp/spells/SpellCatalog.java:1471
fel_bolt,Démontűz-lövedék,warlock,demonologist,SPEC,yes,yes,ConfiguredSpell,configured,A,immediate TARGET damage primitive; no persistent/scheduled lifecycle,25,demonologist,yes,class default / primordial,,TARGET,25,3,5.0,,,,no,no,no,CastModifiers -> immutable snapshot/shared primitives,class/profile + cast architecture + strict source graph,src/main/java/hu/taliann/icesmp/spells/SpellCatalog.java:1082,src/main/java/hu/taliann/icesmp/spells/SpellCatalog.java:1082
fel_devastation,Fel Pusztítás,demon_hunter,vengeance,SPEC,yes,yes,ConfiguredSpell,configured,A,immediate AOE damage/healing primitive; no persistent/scheduled lifecycle,36,,yes,class default / primordial,,AOE,90,60,6,5,,,no,no,no,CastModifiers -> immutable snapshot/shared primitives,class/profile + cast architecture + strict source graph,src/main/java/hu/taliann/icesmp/spells/SpellCatalog.java:1467,src/main/java/hu/taliann/icesmp/spells/SpellCatalog.java:1467
fel_rush,Fel Roham,demon_hunter,,BASE,yes,yes,ConfiguredSpell,configured,A,immediate SELF mobility primitive; no persistent/scheduled lifecycle,4,havoc,yes,class default / primordial,,SELF,20,2,,,,dash,no,no,no,CastModifiers -> immutable snapshot/shared primitives,class/profile + cast architecture + strict source graph,src/main/java/hu/taliann/icesmp/spells/SpellCatalog.java:1425,src/main/java/hu/taliann/icesmp/spells/SpellCatalog.java:1425
feral_charge,Vad Roham,druid,feral,SPEC,yes,yes,ConfiguredSpell,configured,A,immediate SELF mobility primitive; no persistent/scheduled lifecycle,27,feral,yes,class default / primordial,,SELF,35,4,,,,dash,no,no,no,CastModifiers -> immutable snapshot/shared primitives,class/profile + cast architecture + strict source graph,src/main/java/hu/taliann/icesmp/spells/SpellCatalog.java:710,src/main/java/hu/taliann/icesmp/spells/SpellCatalog.java:710
feral_spirit,Vad Szellem,shaman,enhancement,SPEC,yes,yes,ConfiguredSpell,configured,A,immediate SELF utility primitive; no persistent/scheduled lifecycle,36,enhancement,yes,class default / primordial,,SELF,90,5,,,,,no,no,no,CastModifiers -> immutable snapshot/shared primitives,class/profile + cast architecture + strict source graph,src/main/java/hu/taliann/icesmp/spells/SpellCatalog.java:1183,src/main/java/hu/taliann/icesmp/spells/SpellCatalog.java:1183
festering_strike,Gennyes Csapás,death_knight,unholy,SPEC,yes,yes,ConfiguredSpell,configured,A,immediate TARGET damage primitive; no persistent/scheduled lifecycle,25,unholy,yes,arnyek,,TARGET,22,3,6.0,,,,no,no,no,CastModifiers -> immutable snapshot/shared primitives,class/profile + cast architecture + strict source graph,src/main/java/hu/taliann/icesmp/spells/SpellCatalog.java:994,src/main/java/hu/taliann/icesmp/spells/SpellCatalog.java:994
festering_wounds,Gennyedő Sebek,assassin,plaguebringer,SPEC,yes,yes,ConfiguredSpell,configured,A,immediate TARGET damage primitive; no persistent/scheduled lifecycle,36,plaguebringer,yes,class default / primordial,,TARGET,75,3,6.0,,,,no,no,no,CastModifiers -> immutable snapshot/shared primitives,class/profile + cast architecture + strict source graph,src/main/java/hu/taliann/icesmp/spells/SpellCatalog.java:1066,src/main/java/hu/taliann/icesmp/spells/SpellCatalog.java:1066
fiery_brand,Tüzes Bélyeg,demon_hunter,vengeance,SPEC,yes,yes,ConfiguredSpell,configured,A,immediate TARGET damage primitive; no persistent/scheduled lifecycle,30,vengeance,yes,class default / primordial,,TARGET,60,45,3,,,,no,no,no,CastModifiers -> immutable snapshot/shared primitives,class/profile + cast architecture + strict source graph,src/main/java/hu/taliann/icesmp/spells/SpellCatalog.java:1463,src/main/java/hu/taliann/icesmp/spells/SpellCatalog.java:1463
final_stand,Végső Kiállás,paladin,protection,SPEC,yes,yes,ConfiguredSpell,configured,A,immediate SELF utility primitive; no persistent/scheduled lifecycle,45,protection,yes,class default / primordial,,SELF,300,150,,,,,no,no,no,CastModifiers -> immutable snapshot/shared primitives,class/profile + cast architecture + strict source graph,src/main/java/hu/taliann/icesmp/spells/SpellCatalog.java:1627,src/main/java/hu/taliann/icesmp/spells/SpellCatalog.java:1627
final_verdict,Végső Ítélet,paladin,retribution,SPEC,yes,yes,ConfiguredSpell,configured,B,generic gameplay retained; signature presentation/VFX readability is intentionally distinct,45,retribution,yes,class default / primordial,,AOE,300,150,9,,,,no,no,no,CastModifiers -> immutable snapshot/shared primitives,class/profile + cast architecture + strict source graph,src/main/java/hu/taliann/icesmp/spells/SpellCatalog.java:885,src/main/java/hu/taliann/icesmp/spells/SpellCatalog.java:885
fire_breath,Tűzlehelet,evoker,,BASE,yes,yes,ConfiguredSpell,configured,A,immediate AOE damage primitive; no persistent/scheduled lifecycle,11,devastation,yes,class default / primordial,,AOE,45,45,5,,,,no,no,no,CastModifiers -> immutable snapshot/shared primitives,class/profile + cast architecture + strict source graph,src/main/java/hu/taliann/icesmp/spells/SpellCatalog.java:1479,src/main/java/hu/taliann/icesmp/spells/SpellCatalog.java:1479
fireball,Tűzgolyó,wizard,elementalist,SPEC,yes,yes,ProjectileBurstSpell,projectile,,,26,elementalist,yes,class default / primordial,arcane-execution,implementation-defined,45,40,,,,,no,no,yes,CastModifiers -> immutable snapshot/shared primitives,class/profile + cast architecture + strict source graph,src/main/java/hu/taliann/icesmp/spells/SpellCatalog.java:332,src/main/java/hu/taliann/icesmp/spells/SpellCatalog.java:332
firestorm,Tűzvihar,evoker,devastation,SPEC,yes,yes,ConfiguredSpell,configured,A,immediate AOE damage primitive; no persistent/scheduled lifecycle,36,,yes,class default / primordial,,AOE,75,60,4,,,,no,no,no,CastModifiers -> immutable snapshot/shared primitives,class/profile + cast architecture + strict source graph,src/main/java/hu/taliann/icesmp/spells/SpellCatalog.java:1507,src/main/java/hu/taliann/icesmp/spells/SpellCatalog.java:1507
fists_of_fury,Düh Ökle,monk,windwalker,SPEC,yes,yes,ConfiguredSpell,configured,A,immediate AOE damage/cc primitive; no persistent/scheduled lifecycle,30,windwalker,yes,class default / primordial,flurry-fists,AOE,45,5,6,,SLOWNESS,,no,no,no,CastModifiers -> immutable snapshot/shared primitives,class/profile + cast architecture + strict source graph,src/main/java/hu/taliann/icesmp/spells/SpellCatalog.java:1243,src/main/java/hu/taliann/icesmp/spells/SpellCatalog.java:1243
flame_shock,Lángrengés,shaman,,BASE,yes,yes,ConfiguredSpell,configured,A,immediate TARGET damage primitive; no persistent/scheduled lifecycle,8,elemental,yes,class default / primordial,"elemental-overload,lava-flare",TARGET,30,35,4,,,,no,no,no,CastModifiers -> immutable snapshot/shared primitives,class/profile + cast architecture + strict source graph,src/main/java/hu/taliann/icesmp/spells/SpellCatalog.java:1113,src/main/java/hu/taliann/icesmp/spells/SpellCatalog.java:1113
flare,Jelzőfény,archer,sharpshooter,SPEC,yes,yes,ConfiguredSpell,configured,A,immediate AOE utility primitive; no persistent/scheduled lifecycle,32,,yes,class default / primordial,,AOE,90,4,,,,,no,no,no,CastModifiers -> immutable snapshot/shared primitives,class/profile + cast architecture + strict source graph,src/main/java/hu/taliann/icesmp/spells/SpellCatalog.java:518,src/main/java/hu/taliann/icesmp/spells/SpellCatalog.java:518
flash_heal,Villámgyógyítás,paladin,,BASE,yes,yes,ConfiguredSpell,configured,A,immediate SELF healing primitive; no persistent/scheduled lifecycle,4,holy,yes,class default / primordial,,SELF,15,30,,5,,,no,no,no,CastModifiers -> immutable snapshot/shared primitives,class/profile + cast architecture + strict source graph,src/main/java/hu/taliann/icesmp/spells/SpellCatalog.java:788,src/main/java/hu/taliann/icesmp/spells/SpellCatalog.java:788
flourish,Virágzás,druid,restoration,SPEC,yes,yes,ConfiguredSpell,configured,A,immediate AOE healing primitive; no persistent/scheduled lifecycle,45,restoration,yes,class default / primordial,,AOE,300,150,,8,,,no,no,no,CastModifiers -> immutable snapshot/shared primitives,class/profile + cast architecture + strict source graph,src/main/java/hu/taliann/icesmp/spells/SpellCatalog.java:1567,src/main/java/hu/taliann/icesmp/spells/SpellCatalog.java:1567
flying_kick,Repülő Rúgás,monk,windwalker,SPEC,yes,yes,ConfiguredSpell,configured,A,immediate SELF mobility primitive; no persistent/scheduled lifecycle,27,windwalker,yes,class default / primordial,,SELF,35,3,,,,dash,no,no,no,CastModifiers -> immutable snapshot/shared primitives,class/profile + cast architecture + strict source graph,src/main/java/hu/taliann/icesmp/spells/SpellCatalog.java:1259,src/main/java/hu/taliann/icesmp/spells/SpellCatalog.java:1259
flying_serpent_kick,Repülő Kígyórúgás,monk,,BASE,yes,yes,FlyingSerpentKickSpell,stateful,,,17,,yes,class default / primordial,,implementation-defined,35,3,,,,,no,yes,no,CastModifiers -> immutable snapshot/shared primitives,class/profile + cast architecture + strict source graph,src/main/java/hu/taliann/icesmp/spells/FlyingSerpentKickSpell.java:30,src/main/java/hu/taliann/icesmp/core/IceSMPCore.java:805
fortify,Megerősítés,warrior,guardian,SPEC,yes,yes,ConfiguredSpell,configured,A,immediate SELF utility primitive; no persistent/scheduled lifecycle,27,guardian,yes,class default / primordial,,SELF,120,6,,,,,no,no,no,CastModifiers -> immutable snapshot/shared primitives,class/profile + cast architecture + strict source graph,src/main/java/hu/taliann/icesmp/spells/SpellCatalog.java:462,src/main/java/hu/taliann/icesmp/spells/SpellCatalog.java:462
fortifying_brew,Erősítő Sör,monk,brewmaster,SPEC,yes,yes,ConfiguredSpell,configured,A,immediate SELF utility primitive; no persistent/scheduled lifecycle,39,brewmaster,yes,class default / primordial,,SELF,120,6,,,,,no,no,no,CastModifiers -> immutable snapshot/shared primitives,class/profile + cast architecture + strict source graph,src/main/java/hu/taliann/icesmp/spells/SpellCatalog.java:1288,src/main/java/hu/taliann/icesmp/spells/SpellCatalog.java:1288
frenzied_regen,Eszeveszett Regen,druid,ironbark,SPEC,yes,yes,ConfiguredSpell,configured,A,immediate SELF healing primitive; no persistent/scheduled lifecycle,39,ironbark,yes,class default / primordial,,SELF,90,60,,6,,,no,no,no,CastModifiers -> immutable snapshot/shared primitives,class/profile + cast architecture + strict source graph,src/main/java/hu/taliann/icesmp/spells/SpellCatalog.java:1541,src/main/java/hu/taliann/icesmp/spells/SpellCatalog.java:1541
friendship,Baratsag,archer,beast_master,SPEC,yes,yes,FriendshipSpell,dedicated,,,25,,yes,class default / primordial,,implementation-defined,45,4,,,,,no,no,no,CastModifiers -> immutable snapshot/shared primitives,class/profile + cast architecture + strict source graph,src/main/java/hu/taliann/icesmp/spells/FriendshipSpell.java:13,src/main/java/hu/taliann/icesmp/core/IceSMPCore.java:765
frost_fever,Fagysugár,death_knight,,BASE,yes,yes,FrostFeverSpell,dedicated,,,21,,yes,fagy,,implementation-defined,90,45,2,,,,no,no,no,CastModifiers -> immutable snapshot/shared primitives,class/profile + cast architecture + strict source graph,src/main/java/hu/taliann/icesmp/spells/FrostFeverSpell.java:35,src/main/java/hu/taliann/icesmp/core/IceSMPCore.java:808
frost_nova,Fagyrobbanás,wizard,elementalist,SPEC,yes,yes,ConfiguredSpell,configured,A,immediate AOE cc primitive; no persistent/scheduled lifecycle,28,elementalist,yes,class default / primordial,,AOE,90,60,,,"SLOWNESS,FREEZE",,no,no,no,CastModifiers -> immutable snapshot/shared primitives,class/profile + cast architecture + strict source graph,src/main/java/hu/taliann/icesmp/spells/SpellCatalog.java:335,src/main/java/hu/taliann/icesmp/spells/SpellCatalog.java:335
frost_shock,Fagyrengés,shaman,,BASE,yes,yes,ConfiguredSpell,configured,A,immediate TARGET damage/cc primitive; no persistent/scheduled lifecycle,11,,yes,class default / primordial,,TARGET,30,35,4,,"SLOWNESS,FREEZE",,no,no,no,CastModifiers -> immutable snapshot/shared primitives,class/profile + cast architecture + strict source graph,src/main/java/hu/taliann/icesmp/spells/SpellCatalog.java:1117,src/main/java/hu/taliann/icesmp/spells/SpellCatalog.java:1117
frost_strike,Fagycsapás,death_knight,frost,SPEC,yes,yes,ConfiguredSpell,configured,A,immediate TARGET damage/cc primitive; no persistent/scheduled lifecycle,27,frost,yes,class default / primordial,"deathfrost,frozen-strike",TARGET,25,3,6,,FREEZE,,no,no,no,CastModifiers -> immutable snapshot/shared primitives,class/profile + cast architecture + strict source graph,src/main/java/hu/taliann/icesmp/spells/SpellCatalog.java:962,src/main/java/hu/taliann/icesmp/spells/SpellCatalog.java:962
frost_touch,Fagyérintés,wizard,,BASE,yes,yes,ConfiguredSpell,configured,A,immediate TARGET cc primitive; no persistent/scheduled lifecycle,7,,yes,class default / primordial,"arcane-execution,frost-nova",TARGET,45,40,,,"SLOWNESS,FREEZE",,no,no,no,CastModifiers -> immutable snapshot/shared primitives,class/profile + cast architecture + strict source graph,src/main/java/hu/taliann/icesmp/spells/SpellCatalog.java:203,src/main/java/hu/taliann/icesmp/spells/SpellCatalog.java:203
frostscythe,Fagykasza,death_knight,frost,SPEC,yes,yes,ConfiguredSpell,configured,A,immediate AOE damage/cc primitive; no persistent/scheduled lifecycle,30,frost,yes,class default / primordial,,AOE,35,4,5,,FREEZE,,no,no,no,CastModifiers -> immutable snapshot/shared primitives,class/profile + cast architecture + strict source graph,src/main/java/hu/taliann/icesmp/spells/SpellCatalog.java:978,src/main/java/hu/taliann/icesmp/spells/SpellCatalog.java:978
gale_burst,Viharlöket,wizard,elementalist,SPEC,yes,yes,ProjectileBurstSpell,projectile,,,42,elementalist,yes,class default / primordial,,implementation-defined,40,35,,,,,no,no,yes,CastModifiers -> immutable snapshot/shared primitives,class/profile + cast architecture + strict source graph,src/main/java/hu/taliann/icesmp/spells/SpellCatalog.java:356,src/main/java/hu/taliann/icesmp/spells/SpellCatalog.java:356
garrote,Fojtás,assassin,,BASE,yes,yes,ConfiguredSpell,configured,A,immediate TARGET damage/cc primitive; no persistent/scheduled lifecycle,18,,yes,class default / primordial,slow-finish,TARGET,90,5,6,,SLOWNESS,,no,no,no,CastModifiers -> immutable snapshot/shared primitives,class/profile + cast architecture + strict source graph,src/main/java/hu/taliann/icesmp/spells/SpellCatalog.java:314,src/main/java/hu/taliann/icesmp/spells/SpellCatalog.java:314
ghost_step,Szellemléptek,assassin,phantom,SPEC,yes,yes,ConfiguredSpell,configured,A,immediate SELF utility primitive; no persistent/scheduled lifecycle,26,phantom,yes,class default / primordial,,SELF,60,4,,,,,no,no,no,CastModifiers -> immutable snapshot/shared primitives,class/profile + cast architecture + strict source graph,src/main/java/hu/taliann/icesmp/spells/SpellCatalog.java:625,src/main/java/hu/taliann/icesmp/spells/SpellCatalog.java:625
glide,Siklás,demon_hunter,,BASE,yes,yes,ConfiguredSpell,configured,A,immediate SELF utility primitive; no persistent/scheduled lifecycle,19,,yes,class default / primordial,,SELF,45,35,,,,,no,no,no,CastModifiers -> immutable snapshot/shared primitives,class/profile + cast architecture + strict source graph,src/main/java/hu/taliann/icesmp/spells/SpellCatalog.java:1433,src/main/java/hu/taliann/icesmp/spells/SpellCatalog.java:1433
grave_grasp,Sírkéz,wizard,necromancer,SPEC,yes,yes,ConfiguredSpell,configured,A,immediate TARGET cc primitive; no persistent/scheduled lifecycle,26,necromancer,yes,class default / primordial,,TARGET,45,2,,,SLOWNESS,,no,no,no,CastModifiers -> immutable snapshot/shared primitives,class/profile + cast architecture + strict source graph,src/main/java/hu/taliann/icesmp/spells/SpellCatalog.java:367,src/main/java/hu/taliann/icesmp/spells/SpellCatalog.java:367
gravity_well,Gravitációs Örvény,wizard,,BASE,yes,yes,ConfiguredSpell,configured,B,generic gameplay retained; signature presentation/VFX readability is intentionally distinct,21,,yes,class default / primordial,,AOE,150,60,,,"LEVITATION,SLOWNESS",,no,no,no,CastModifiers -> immutable snapshot/shared primitives,class/profile + cast architecture + strict source graph,src/main/java/hu/taliann/icesmp/spells/SpellCatalog.java:220,src/main/java/hu/taliann/icesmp/spells/SpellCatalog.java:220
grip_of_the_dead,A Holtak Szorítása,death_knight,unholy,SPEC,yes,yes,ConfiguredSpell,configured,A,immediate AOE damage/cc primitive; no persistent/scheduled lifecycle,36,unholy,yes,arnyek,,AOE,40,35,2.0,,SLOWNESS,,no,no,no,CastModifiers -> immutable snapshot/shared primitives,class/profile + cast architecture + strict source graph,src/main/java/hu/taliann/icesmp/spells/SpellCatalog.java:1006,src/main/java/hu/taliann/icesmp/spells/SpellCatalog.java:1006
ground_slam,Földcsapás,warrior,berserker,SPEC,yes,yes,ConfiguredSpell,configured,A,immediate AOE damage primitive; no persistent/scheduled lifecycle,32,,yes,class default / primordial,,AOE,60,6,3,,,,no,no,no,CastModifiers -> immutable snapshot/shared primitives,class/profile + cast architecture + strict source graph,src/main/java/hu/taliann/icesmp/spells/SpellCatalog.java:425,src/main/java/hu/taliann/icesmp/spells/SpellCatalog.java:425
guardian_angel,Őrangyal,paladin,holy,SPEC,yes,yes,ConfiguredSpell,configured,A,immediate SELF healing primitive; no persistent/scheduled lifecycle,42,,yes,class default / primordial,,SELF,150,70,,6,,,no,no,no,CastModifiers -> immutable snapshot/shared primitives,class/profile + cast architecture + strict source graph,src/main/java/hu/taliann/icesmp/spells/SpellCatalog.java:840,src/main/java/hu/taliann/icesmp/spells/SpellCatalog.java:840
guardian_of_kings,Ősi Királyok Őre,paladin,protection,SPEC,yes,yes,ConfiguredSpell,configured,A,immediate SELF utility primitive; no persistent/scheduled lifecycle,42,protection,yes,class default / primordial,,SELF,150,7,,,,,no,no,no,CastModifiers -> immutable snapshot/shared primitives,class/profile + cast architecture + strict source graph,src/main/java/hu/taliann/icesmp/spells/SpellCatalog.java:1625,src/main/java/hu/taliann/icesmp/spells/SpellCatalog.java:1625
guardian_swipe,Védő Csapás,druid,ironbark,SPEC,yes,yes,ConfiguredSpell,configured,A,immediate AOE damage primitive; no persistent/scheduled lifecycle,33,,yes,class default / primordial,,AOE,30,4,4,,,,no,no,no,CastModifiers -> immutable snapshot/shared primitives,class/profile + cast architecture + strict source graph,src/main/java/hu/taliann/icesmp/spells/SpellCatalog.java:1543,src/main/java/hu/taliann/icesmp/spells/SpellCatalog.java:1543
gust,Lokeshullam,warrior,,BASE,yes,yes,GustSpell,dedicated,,,15,,yes,class default / primordial,,implementation-defined,60,30,,,,,no,no,no,CastModifiers -> immutable snapshot/shared primitives,class/profile + cast architecture + strict source graph,src/main/java/hu/taliann/icesmp/spells/GustSpell.java:13,src/main/java/hu/taliann/icesmp/core/IceSMPCore.java:777
hammer_of_justice,Igazság Pörölye,paladin,,BASE,yes,yes,ConfiguredSpell,configured,A,immediate TARGET damage/cc primitive; no persistent/scheduled lifecycle,8,,yes,class default / primordial,holy-verdict,TARGET,45,35,3,,SLOWNESS,,no,no,no,CastModifiers -> immutable snapshot/shared primitives,class/profile + cast architecture + strict source graph,src/main/java/hu/taliann/icesmp/spells/SpellCatalog.java:791,src/main/java/hu/taliann/icesmp/spells/SpellCatalog.java:791
hammer_of_the_righteous,Igazak Pörölye,paladin,protection,SPEC,yes,yes,ConfiguredSpell,configured,A,immediate AOE damage primitive; no persistent/scheduled lifecycle,30,,yes,class default / primordial,,AOE,25,4,4,,,,no,no,no,CastModifiers -> immutable snapshot/shared primitives,class/profile + cast architecture + strict source graph,src/main/java/hu/taliann/icesmp/spells/SpellCatalog.java:1621,src/main/java/hu/taliann/icesmp/spells/SpellCatalog.java:1621
hamstring,Ínmetszés,assassin,,BASE,yes,yes,ConfiguredSpell,configured,A,immediate TARGET damage/cc primitive; no persistent/scheduled lifecycle,8,,yes,class default / primordial,slow-finish,TARGET,35,4,2,,SLOWNESS,,no,no,no,CastModifiers -> immutable snapshot/shared primitives,class/profile + cast architecture + strict source graph,src/main/java/hu/taliann/icesmp/spells/SpellCatalog.java:299,src/main/java/hu/taliann/icesmp/spells/SpellCatalog.java:299
haunt,Kísértés,assassin,phantom,SPEC,yes,yes,ConfiguredSpell,configured,A,immediate TARGET cc primitive; no persistent/scheduled lifecycle,29,phantom,yes,class default / primordial,,TARGET,60,5,,,"BLINDNESS,SLOWNESS",,no,no,no,CastModifiers -> immutable snapshot/shared primitives,class/profile + cast architecture + strict source graph,src/main/java/hu/taliann/icesmp/spells/SpellCatalog.java:632,src/main/java/hu/taliann/icesmp/spells/SpellCatalog.java:632
headshot,Fejlövés,archer,sharpshooter,SPEC,yes,yes,ConfiguredSpell,configured,A,immediate TARGET damage primitive; no persistent/scheduled lifecycle,27,sharpshooter,yes,class default / primordial,,TARGET,60,40,7,,,,no,no,no,CastModifiers -> immutable snapshot/shared primitives,class/profile + cast architecture + strict source graph,src/main/java/hu/taliann/icesmp/spells/SpellCatalog.java:511,src/main/java/hu/taliann/icesmp/spells/SpellCatalog.java:511
heal,Gyógyítás,priest,,BASE,yes,yes,ConfiguredSpell,configured,A,immediate SELF healing primitive; no persistent/scheduled lifecycle,4,discipline,yes,class default / primordial,,SELF,30,50,,6,,,no,no,no,CastModifiers -> immutable snapshot/shared primitives,class/profile + cast architecture + strict source graph,src/main/java/hu/taliann/icesmp/spells/SpellCatalog.java:1311,src/main/java/hu/taliann/icesmp/spells/SpellCatalog.java:1311
healing_rain,Gyógyeső,shaman,tidal,SPEC,yes,yes,ConfiguredSpell,configured,A,immediate AOE utility primitive; no persistent/scheduled lifecycle,36,tidal,yes,class default / primordial,,AOE,90,6,,,,,no,no,no,CastModifiers -> immutable snapshot/shared primitives,class/profile + cast architecture + strict source graph,src/main/java/hu/taliann/icesmp/spells/SpellCatalog.java:1579,src/main/java/hu/taliann/icesmp/spells/SpellCatalog.java:1579
healing_stream_totem,Gyógyár-totem,shaman,,BASE,yes,yes,ShamanTotemSpell,stateful,,,19,"elemental,tidal",yes,class default / primordial,,implementation-defined,90,50,,,,,no,yes,no,CastModifiers -> immutable snapshot/shared primitives,class/profile + cast architecture + strict source graph,src/main/java/hu/taliann/icesmp/managers/TotemManager.java:46,src/main/java/hu/taliann/icesmp/core/IceSMPCore.java:812
healing_surge,Gyógyár,shaman,,BASE,yes,yes,ConfiguredSpell,configured,A,immediate SELF healing primitive; no persistent/scheduled lifecycle,4,tidal,yes,class default / primordial,,SELF,30,40,,6,,,no,no,no,CastModifiers -> immutable snapshot/shared primitives,class/profile + cast architecture + strict source graph,src/main/java/hu/taliann/icesmp/spells/SpellCatalog.java:1106,src/main/java/hu/taliann/icesmp/spells/SpellCatalog.java:1106
healing_touch,Gyógyító Érintés,druid,restoration,SPEC,yes,yes,ConfiguredSpell,configured,A,immediate SELF healing primitive; no persistent/scheduled lifecycle,27,restoration,yes,class default / primordial,,SELF,30,45,,8,,,no,no,no,CastModifiers -> immutable snapshot/shared primitives,class/profile + cast architecture + strict source graph,src/main/java/hu/taliann/icesmp/spells/SpellCatalog.java:1555,src/main/java/hu/taliann/icesmp/spells/SpellCatalog.java:1555
healing_wave,Gyógyhullám,shaman,tidal,SPEC,yes,yes,ConfiguredSpell,configured,A,immediate SELF healing primitive; no persistent/scheduled lifecycle,25,,yes,class default / primordial,,SELF,25,40,,7,,,no,no,no,CastModifiers -> immutable snapshot/shared primitives,class/profile + cast architecture + strict source graph,src/main/java/hu/taliann/icesmp/spells/SpellCatalog.java:1573,src/main/java/hu/taliann/icesmp/spells/SpellCatalog.java:1573
healing_word,Gyógyító Szó,warrior,guardian,SPEC,yes,yes,ConfiguredSpell,configured,A,immediate AOE healing primitive; no persistent/scheduled lifecycle,32,,yes,class default / primordial,,AOE,120,6,,2,,,no,no,no,CastModifiers -> immutable snapshot/shared primitives,class/profile + cast architecture + strict source graph,src/main/java/hu/taliann/icesmp/spells/SpellCatalog.java:471,src/main/java/hu/taliann/icesmp/spells/SpellCatalog.java:471
heart_strike,Szívcsapás,death_knight,blood,SPEC,yes,yes,ConfiguredSpell,configured,A,immediate TARGET damage/healing primitive; no persistent/scheduled lifecycle,25,blood,yes,class default / primordial,,TARGET,20,3,6,2,,,no,no,no,CastModifiers -> immutable snapshot/shared primitives,class/profile + cast architecture + strict source graph,src/main/java/hu/taliann/icesmp/spells/SpellCatalog.java:925,src/main/java/hu/taliann/icesmp/spells/SpellCatalog.java:925
heroic_leap,Hősi Szökellés,warrior,,BASE,yes,yes,ConfiguredSpell,configured,A,immediate SELF mobility primitive; no persistent/scheduled lifecycle,7,berserker,yes,class default / primordial,,SELF,25,3,,,,dash,no,no,no,CastModifiers -> immutable snapshot/shared primitives,class/profile + cast architecture + strict source graph,src/main/java/hu/taliann/icesmp/spells/SpellCatalog.java:234,src/main/java/hu/taliann/icesmp/spells/SpellCatalog.java:234
hide,Elrejtzes,assassin,phantom,SPEC,yes,yes,HideSpell,stateful,,,25,phantom,yes,class default / primordial,,implementation-defined,480,550,,,,,no,yes,yes,CastModifiers -> immutable snapshot/shared primitives,class/profile + cast architecture + strict source graph,src/main/java/hu/taliann/icesmp/spells/HideSpell.java:27,src/main/java/hu/taliann/icesmp/core/IceSMPCore.java:776
high_perch,Magasles,archer,sharpshooter,SPEC,yes,yes,ConfiguredSpell,configured,A,immediate SELF mobility primitive; no persistent/scheduled lifecycle,37,,yes,class default / primordial,,SELF,60,4,,,,dash,no,no,no,CastModifiers -> immutable snapshot/shared primitives,class/profile + cast architecture + strict source graph,src/main/java/hu/taliann/icesmp/spells/SpellCatalog.java:527,src/main/java/hu/taliann/icesmp/spells/SpellCatalog.java:527
holy_fire,Szent Tűz,paladin,retribution,SPEC,yes,yes,ConfiguredSpell,configured,A,immediate TARGET damage primitive; no persistent/scheduled lifecycle,33,retribution,yes,class default / primordial,,TARGET,45,50,5,,,,no,no,no,CastModifiers -> immutable snapshot/shared primitives,class/profile + cast architecture + strict source graph,src/main/java/hu/taliann/icesmp/spells/SpellCatalog.java:873,src/main/java/hu/taliann/icesmp/spells/SpellCatalog.java:873
holy_light,Szent Fény,paladin,holy,SPEC,yes,yes,ConfiguredSpell,configured,A,immediate SELF healing primitive; no persistent/scheduled lifecycle,25,holy,yes,class default / primordial,,SELF,30,45,,8,,,no,no,no,CastModifiers -> immutable snapshot/shared primitives,class/profile + cast architecture + strict source graph,src/main/java/hu/taliann/icesmp/spells/SpellCatalog.java:819,src/main/java/hu/taliann/icesmp/spells/SpellCatalog.java:819
holy_nova,Szent Nóva,priest,,BASE,yes,yes,ConfiguredSpell,configured,A,immediate AOE healing primitive; no persistent/scheduled lifecycle,17,,yes,class default / primordial,holy-trinity,AOE,60,5,,3,,,no,no,no,CastModifiers -> immutable snapshot/shared primitives,class/profile + cast architecture + strict source graph,src/main/java/hu/taliann/icesmp/spells/SpellCatalog.java:1321,src/main/java/hu/taliann/icesmp/spells/SpellCatalog.java:1321
holy_smite,Szent Sújtás,priest,,BASE,yes,yes,ConfiguredSpell,configured,A,immediate TARGET utility primitive; no persistent/scheduled lifecycle,2,,yes,class default / primordial,"holy-mind,holy-trinity",TARGET,25,30,,,,,no,no,no,CastModifiers -> immutable snapshot/shared primitives,class/profile + cast architecture + strict source graph,src/main/java/hu/taliann/icesmp/spells/SpellCatalog.java:1309,src/main/java/hu/taliann/icesmp/spells/SpellCatalog.java:1309
holy_wrath,Szent Harag,paladin,,BASE,yes,yes,HolyWrathSpell,stateful,,,15,,yes,szent,,implementation-defined,90,50,4,,,,no,yes,yes,CastModifiers -> immutable snapshot/shared primitives,class/profile + cast architecture + strict source graph,src/main/java/hu/taliann/icesmp/spells/HolyWrathSpell.java:34,src/main/java/hu/taliann/icesmp/core/IceSMPCore.java:797
hover,Lebegés,evoker,,BASE,yes,yes,ConfiguredSpell,configured,A,immediate SELF utility primitive; no persistent/scheduled lifecycle,15,,yes,class default / primordial,,SELF,45,2,,,,,no,no,no,CastModifiers -> immutable snapshot/shared primitives,class/profile + cast architecture + strict source graph,src/main/java/hu/taliann/icesmp/spells/SpellCatalog.java:1485,src/main/java/hu/taliann/icesmp/spells/SpellCatalog.java:1485
howling_blast,Üvöltő Szél,death_knight,frost,SPEC,yes,yes,ConfiguredSpell,configured,A,immediate AOE damage/cc primitive; no persistent/scheduled lifecycle,33,frost,yes,class default / primordial,,AOE,45,45,4,,"SLOWNESS,FREEZE",,no,no,no,CastModifiers -> immutable snapshot/shared primitives,class/profile + cast architecture + strict source graph,src/main/java/hu/taliann/icesmp/spells/SpellCatalog.java:966,src/main/java/hu/taliann/icesmp/spells/SpellCatalog.java:966
hunters_mark,Vadászjel,archer,,BASE,yes,yes,ConfiguredSpell,configured,A,immediate TARGET utility primitive; no persistent/scheduled lifecycle,2,"beast_master,sharpshooter",yes,class default / primordial,,TARGET,30,2,,,,,no,no,no,CastModifiers -> immutable snapshot/shared primitives,class/profile + cast architecture + strict source graph,src/main/java/hu/taliann/icesmp/spells/SpellCatalog.java:259,src/main/java/hu/taliann/icesmp/spells/SpellCatalog.java:259
hurricane,Hurrikán,druid,lunar,SPEC,yes,yes,ConfiguredSpell,configured,A,immediate AOE damage/cc primitive; no persistent/scheduled lifecycle,33,lunar,yes,class default / primordial,,AOE,90,60,3,,SLOWNESS,,no,no,no,CastModifiers -> immutable snapshot/shared primitives,class/profile + cast architecture + strict source graph,src/main/java/hu/taliann/icesmp/spells/SpellCatalog.java:760,src/main/java/hu/taliann/icesmp/spells/SpellCatalog.java:760
icy_touch,Jeges Érintés,death_knight,,BASE,yes,yes,ConfiguredSpell,configured,A,immediate TARGET damage/cc primitive; no persistent/scheduled lifecycle,11,frost,yes,class default / primordial,,TARGET,35,35,3,,"SLOWNESS,FREEZE",,no,no,no,CastModifiers -> immutable snapshot/shared primitives,class/profile + cast architecture + strict source graph,src/main/java/hu/taliann/icesmp/spells/SpellCatalog.java:909,src/main/java/hu/taliann/icesmp/spells/SpellCatalog.java:909
immolate,Felgyújtás,warlock,,BASE,yes,yes,ConfiguredSpell,configured,A,immediate TARGET damage primitive; no persistent/scheduled lifecycle,11,destruction,yes,class default / primordial,fire-chain,TARGET,30,35,4,,,,no,no,no,CastModifiers -> immutable snapshot/shared primitives,class/profile + cast architecture + strict source graph,src/main/java/hu/taliann/icesmp/spells/SpellCatalog.java:1375,src/main/java/hu/taliann/icesmp/spells/SpellCatalog.java:1375
immolation_aura,Lángaura,demon_hunter,,BASE,yes,yes,ConfiguredSpell,configured,A,immediate AOE damage primitive; no persistent/scheduled lifecycle,11,vengeance,yes,class default / primordial,,AOE,45,40,3,,,,no,no,no,CastModifiers -> immutable snapshot/shared primitives,class/profile + cast architecture + strict source graph,src/main/java/hu/taliann/icesmp/spells/SpellCatalog.java:1427,src/main/java/hu/taliann/icesmp/spells/SpellCatalog.java:1427
imp_swarm,Imp-raj,warlock,demonologist,SPEC,yes,yes,SummonMinionsSpell,summon,,,27,demonologist,yes,class default / primordial,,implementation-defined,180,60,,,,,yes,yes,no,CastModifiers -> immutable snapshot/shared primitives,class/profile + cast architecture + strict source graph,src/main/java/hu/taliann/icesmp/spells/SpellCatalog.java:156,src/main/java/hu/taliann/icesmp/spells/SpellCatalog.java:156
incarnation_bear,Megtestesülés: Medve,druid,ironbark,SPEC,yes,yes,ConfiguredSpell,configured,B,generic gameplay retained; signature presentation/VFX readability is intentionally distinct,45,ironbark,yes,class default / primordial,,SELF,300,150,,,,,no,no,no,CastModifiers -> immutable snapshot/shared primitives,class/profile + cast architecture + strict source graph,src/main/java/hu/taliann/icesmp/spells/SpellCatalog.java:1547,src/main/java/hu/taliann/icesmp/spells/SpellCatalog.java:1547
incinerate,Elhamvasztás,warlock,destruction,SPEC,yes,yes,ConfiguredSpell,configured,A,immediate TARGET damage primitive; no persistent/scheduled lifecycle,28,destruction,yes,class default / primordial,,TARGET,20,30,5,,,,no,no,no,CastModifiers -> immutable snapshot/shared primitives,class/profile + cast architecture + strict source graph,src/main/java/hu/taliann/icesmp/spells/SpellCatalog.java:1407,src/main/java/hu/taliann/icesmp/spells/SpellCatalog.java:1407
inner_focus,Belso Fokusz,warrior,,BASE,yes,yes,InnerFocusSpell,stateful,,,10,,yes,class default / primordial,,implementation-defined,480,20,,,,,no,yes,no,CastModifiers -> immutable snapshot/shared primitives,class/profile + cast architecture + strict source graph,src/main/java/hu/taliann/icesmp/spells/InnerFocusSpell.java:21,src/main/java/hu/taliann/icesmp/core/IceSMPCore.java:768
intimidate,Megfélemlítés,warrior,,BASE,yes,yes,ConfiguredSpell,configured,A,immediate AOE cc primitive; no persistent/scheduled lifecycle,22,,yes,class default / primordial,,AOE,120,6,,,SLOWNESS,,no,no,no,CastModifiers -> immutable snapshot/shared primitives,class/profile + cast architecture + strict source graph,src/main/java/hu/taliann/icesmp/spells/SpellCatalog.java:250,src/main/java/hu/taliann/icesmp/spells/SpellCatalog.java:250
invoke_niuzao,Niuzao Megidézése,monk,brewmaster,SPEC,yes,yes,ConfiguredSpell,configured,B,generic gameplay retained; signature presentation/VFX readability is intentionally distinct,45,brewmaster,yes,class default / primordial,,AOE,300,150,7,,,,no,no,no,CastModifiers -> immutable snapshot/shared primitives,class/profile + cast architecture + strict source graph,src/main/java/hu/taliann/icesmp/spells/SpellCatalog.java:1300,src/main/java/hu/taliann/icesmp/spells/SpellCatalog.java:1300
iron_bark,Vaskéreg,druid,ironbark,SPEC,yes,yes,ConfiguredSpell,configured,A,immediate SELF utility primitive; no persistent/scheduled lifecycle,30,ironbark,yes,class default / primordial,,SELF,60,5,,,,,no,no,no,CastModifiers -> immutable snapshot/shared primitives,class/profile + cast architecture + strict source graph,src/main/java/hu/taliann/icesmp/spells/SpellCatalog.java:1533,src/main/java/hu/taliann/icesmp/spells/SpellCatalog.java:1533
iron_bastion,Vasbástya,warrior,guardian,SPEC,yes,yes,ConfiguredSpell,configured,A,immediate SELF utility primitive; no persistent/scheduled lifecycle,34,,yes,class default / primordial,,SELF,150,7,,,,,no,no,no,CastModifiers -> immutable snapshot/shared primitives,class/profile + cast architecture + strict source graph,src/main/java/hu/taliann/icesmp/spells/SpellCatalog.java:478,src/main/java/hu/taliann/icesmp/spells/SpellCatalog.java:478
iron_skin,Vasbőr,warrior,,BASE,yes,yes,ConfiguredSpell,configured,A,immediate SELF utility primitive; no persistent/scheduled lifecycle,20,,yes,class default / primordial,,SELF,150,8,,,,,no,no,no,CastModifiers -> immutable snapshot/shared primitives,class/profile + cast architecture + strict source graph,src/main/java/hu/taliann/icesmp/spells/SpellCatalog.java:246,src/main/java/hu/taliann/icesmp/spells/SpellCatalog.java:246
ironskin_brew,Vasbőr Sör,monk,brewmaster,SPEC,yes,yes,ConfiguredSpell,configured,A,immediate SELF utility primitive; no persistent/scheduled lifecycle,33,brewmaster,yes,class default / primordial,,SELF,90,5,,,,,no,no,no,CastModifiers -> immutable snapshot/shared primitives,class/profile + cast architecture + strict source graph,src/main/java/hu/taliann/icesmp/spells/SpellCatalog.java:1296,src/main/java/hu/taliann/icesmp/spells/SpellCatalog.java:1296
judgment,Ítélet,paladin,retribution,SPEC,yes,yes,ConfiguredSpell,configured,A,immediate TARGET damage primitive; no persistent/scheduled lifecycle,27,retribution,yes,class default / primordial,holy-verdict,TARGET,30,40,6,,,,no,no,no,CastModifiers -> immutable snapshot/shared primitives,class/profile + cast architecture + strict source graph,src/main/java/hu/taliann/icesmp/spells/SpellCatalog.java:861,src/main/java/hu/taliann/icesmp/spells/SpellCatalog.java:861
keg_smash,Hordócsapás,monk,brewmaster,SPEC,yes,yes,ConfiguredSpell,configured,A,immediate AOE damage/cc primitive; no persistent/scheduled lifecycle,25,brewmaster,yes,class default / primordial,,AOE,25,4,4,,SLOWNESS,,no,no,no,CastModifiers -> immutable snapshot/shared primitives,class/profile + cast architecture + strict source graph,src/main/java/hu/taliann/icesmp/spells/SpellCatalog.java:1272,src/main/java/hu/taliann/icesmp/spells/SpellCatalog.java:1272
king_of_beasts,Vadak Ura,archer,beast_master,SPEC,yes,yes,ConfiguredSpell,configured,B,generic gameplay retained; signature presentation/VFX readability is intentionally distinct,45,beast_master,yes,class default / primordial,,AOE,300,10,,,SLOWNESS,,no,no,no,CastModifiers -> immutable snapshot/shared primitives,class/profile + cast architecture + strict source graph,src/main/java/hu/taliann/icesmp/spells/SpellCatalog.java:571,src/main/java/hu/taliann/icesmp/spells/SpellCatalog.java:571
kneecap,Térdlövés,archer,sharpshooter,SPEC,yes,yes,ConfiguredSpell,configured,A,immediate TARGET damage/cc primitive; no persistent/scheduled lifecycle,34,,yes,class default / primordial,,TARGET,45,5,2,,SLOWNESS,,no,no,no,CastModifiers -> immutable snapshot/shared primitives,class/profile + cast architecture + strict source graph,src/main/java/hu/taliann/icesmp/spells/SpellCatalog.java:523,src/main/java/hu/taliann/icesmp/spells/SpellCatalog.java:523
last_rites,Utolsó Kenet,priest,bone_priest,SPEC,yes,yes,ConfiguredSpell,configured,A,immediate AOE healing primitive; no persistent/scheduled lifecycle,45,bone_priest,yes,class default / primordial,,AOE,240,90,,8.0,,,no,no,no,CastModifiers -> immutable snapshot/shared primitives,class/profile + cast architecture + strict source graph,src/main/java/hu/taliann/icesmp/spells/SpellCatalog.java:1042,src/main/java/hu/taliann/icesmp/spells/SpellCatalog.java:1042
last_stand,Végső Ellenállás,warrior,guardian,SPEC,yes,yes,ConfiguredSpell,configured,B,generic gameplay retained; signature presentation/VFX readability is intentionally distinct,45,guardian,yes,class default / primordial,,SELF,300,10,,,,,no,no,no,CastModifiers -> immutable snapshot/shared primitives,class/profile + cast architecture + strict source graph,src/main/java/hu/taliann/icesmp/spells/SpellCatalog.java:497,src/main/java/hu/taliann/icesmp/spells/SpellCatalog.java:497
lava_burst,Lávakitörés,shaman,elemental,SPEC,yes,yes,ConfiguredSpell,configured,A,immediate TARGET damage primitive; no persistent/scheduled lifecycle,25,elemental,yes,class default / primordial,"elemental-overload,lava-flare",TARGET,25,40,7,,,,no,no,no,CastModifiers -> immutable snapshot/shared primitives,class/profile + cast architecture + strict source graph,src/main/java/hu/taliann/icesmp/spells/SpellCatalog.java:1139,src/main/java/hu/taliann/icesmp/spells/SpellCatalog.java:1139
lava_lash,Lávacsapás,shaman,enhancement,SPEC,yes,yes,ConfiguredSpell,configured,A,immediate TARGET damage primitive; no persistent/scheduled lifecycle,27,enhancement,yes,class default / primordial,,TARGET,25,3,6,,,,no,no,no,CastModifiers -> immutable snapshot/shared primitives,class/profile + cast architecture + strict source graph,src/main/java/hu/taliann/icesmp/spells/SpellCatalog.java:1175,src/main/java/hu/taliann/icesmp/spells/SpellCatalog.java:1175
lay_on_hands,Kézrátétel,paladin,,BASE,yes,yes,ConfiguredSpell,configured,A,immediate SELF utility primitive; no persistent/scheduled lifecycle,21,holy,yes,class default / primordial,,SELF,150,70,,,,,no,no,no,CastModifiers -> immutable snapshot/shared primitives,class/profile + cast architecture + strict source graph,src/main/java/hu/taliann/icesmp/spells/SpellCatalog.java:799,src/main/java/hu/taliann/icesmp/spells/SpellCatalog.java:799
leeching_ray,Szívó Sugár,priest,bone_priest,SPEC,yes,yes,ConfiguredSpell,configured,A,immediate TARGET damage/healing primitive; no persistent/scheduled lifecycle,27,bone_priest,yes,arnyek,,TARGET,30,3,4.0,3.0,,,no,no,no,CastModifiers -> immutable snapshot/shared primitives,class/profile + cast architecture + strict source graph,src/main/java/hu/taliann/icesmp/spells/SpellCatalog.java:1022,src/main/java/hu/taliann/icesmp/spells/SpellCatalog.java:1022
leg_sweep,Lábseprés,monk,,BASE,yes,yes,ConfiguredSpell,configured,A,immediate AOE utility primitive; no persistent/scheduled lifecycle,21,,yes,class default / primordial,,AOE,60,4,,,,,no,no,no,CastModifiers -> immutable snapshot/shared primitives,class/profile + cast architecture + strict source graph,src/main/java/hu/taliann/icesmp/spells/SpellCatalog.java:1227,src/main/java/hu/taliann/icesmp/spells/SpellCatalog.java:1227
legion,A Légió,warlock,demonologist,SPEC,yes,yes,SummonMinionsSpell,summon,,,45,demonologist,yes,class default / primordial,,implementation-defined,300,110,,,,,yes,yes,no,CastModifiers -> immutable snapshot/shared primitives,class/profile + cast architecture + strict source graph,src/main/java/hu/taliann/icesmp/spells/SpellCatalog.java:168,src/main/java/hu/taliann/icesmp/spells/SpellCatalog.java:168
levitate,Lebegés,priest,,BASE,yes,yes,ConfiguredSpell,configured,A,immediate SELF utility primitive; no persistent/scheduled lifecycle,21,,yes,class default / primordial,,SELF,45,3,,,,,no,no,no,CastModifiers -> immutable snapshot/shared primitives,class/profile + cast architecture + strict source graph,src/main/java/hu/taliann/icesmp/spells/SpellCatalog.java:1325,src/main/java/hu/taliann/icesmp/spells/SpellCatalog.java:1325
life_cocoon,Életgubó,monk,mistweaver,SPEC,yes,yes,ConfiguredSpell,configured,A,immediate SELF utility primitive; no persistent/scheduled lifecycle,42,mistweaver,yes,class default / primordial,,SELF,120,6,,,,,no,no,no,CastModifiers -> immutable snapshot/shared primitives,class/profile + cast architecture + strict source graph,src/main/java/hu/taliann/icesmp/spells/SpellCatalog.java:1599,src/main/java/hu/taliann/icesmp/spells/SpellCatalog.java:1599
life_drain,Életszívás,wizard,necromancer,SPEC,yes,yes,LifeDrainSpell,dedicated,,,25,necromancer,yes,arnyek,,implementation-defined,60,20,4.0,,,,no,no,no,CastModifiers -> immutable snapshot/shared primitives,class/profile + cast architecture + strict source graph,src/main/java/hu/taliann/icesmp/spells/LifeDrainSpell.java:16,src/main/java/hu/taliann/icesmp/core/IceSMPCore.java:783
lifebloom,Életvirágzás,druid,restoration,SPEC,yes,yes,ConfiguredSpell,configured,A,immediate AOE healing primitive; no persistent/scheduled lifecycle,33,restoration,yes,class default / primordial,,AOE,45,5,,3,,,no,no,no,CastModifiers -> immutable snapshot/shared primitives,class/profile + cast architecture + strict source graph,src/main/java/hu/taliann/icesmp/spells/SpellCatalog.java:1559,src/main/java/hu/taliann/icesmp/spells/SpellCatalog.java:1559
lightning_bolt,Villámnyíl,shaman,,BASE,yes,yes,ConfiguredSpell,configured,A,immediate TARGET damage primitive; no persistent/scheduled lifecycle,2,elemental,yes,class default / primordial,,TARGET,20,30,5,,,,no,no,no,CastModifiers -> immutable snapshot/shared primitives,class/profile + cast architecture + strict source graph,src/main/java/hu/taliann/icesmp/spells/SpellCatalog.java:1102,src/main/java/hu/taliann/icesmp/spells/SpellCatalog.java:1102
lightning_shield,Villámpajzs,shaman,,BASE,yes,yes,ConfiguredSpell,configured,A,immediate SELF utility primitive; no persistent/scheduled lifecycle,13,,yes,class default / primordial,,SELF,90,5,,,,,no,no,no,CastModifiers -> immutable snapshot/shared primitives,class/profile + cast architecture + strict source graph,src/main/java/hu/taliann/icesmp/spells/SpellCatalog.java:1123,src/main/java/hu/taliann/icesmp/spells/SpellCatalog.java:1123
living_flame,Lánggolyó,evoker,,BASE,yes,yes,LivingFlameSpell,dedicated,,,2,devastation,yes,tuz,,implementation-defined,20,35,5,,,,no,no,no,CastModifiers -> immutable snapshot/shared primitives,class/profile + cast architecture + strict source graph,src/main/java/hu/taliann/icesmp/spells/LivingFlameSpell.java:19,src/main/java/hu/taliann/icesmp/core/IceSMPCore.java:800
lucky_star,Szerencsecsillag,wizard,elementalist,SPEC,yes,yes,LuckyStarSpell,stateful,,,30,,yes,class default / primordial,,implementation-defined,0,0,,,,,no,yes,no,CastModifiers -> immutable snapshot/shared primitives,class/profile + cast architecture + strict source graph,src/main/java/hu/taliann/icesmp/spells/LuckyStarSpell.java:23,src/main/java/hu/taliann/icesmp/core/IceSMPCore.java:778
lunar_blessing,Hold Áldása,druid,lunar,SPEC,yes,yes,ConfiguredSpell,configured,A,immediate AOE healing primitive; no persistent/scheduled lifecycle,42,,yes,class default / primordial,,AOE,120,6,,2,,,no,no,no,CastModifiers -> immutable snapshot/shared primitives,class/profile + cast architecture + strict source graph,src/main/java/hu/taliann/icesmp/spells/SpellCatalog.java:768,src/main/java/hu/taliann/icesmp/spells/SpellCatalog.java:768
magma_servant,Magma-szolga,warlock,demonologist,SPEC,yes,yes,SummonMinionsSpell,summon,,,30,demonologist,yes,class default / primordial,,implementation-defined,200,70,,,,,yes,yes,no,CastModifiers -> immutable snapshot/shared primitives,class/profile + cast architecture + strict source graph,src/main/java/hu/taliann/icesmp/spells/SpellCatalog.java:162,src/main/java/hu/taliann/icesmp/spells/SpellCatalog.java:162
malefic_grasp,Ártó Markolat,warlock,affliction,SPEC,yes,yes,ConfiguredSpell,configured,A,immediate TARGET damage/cc primitive; no persistent/scheduled lifecycle,30,affliction,yes,class default / primordial,,TARGET,30,40,5,,SLOWNESS,,no,no,no,CastModifiers -> immutable snapshot/shared primitives,class/profile + cast architecture + strict source graph,src/main/java/hu/taliann/icesmp/spells/SpellCatalog.java:1391,src/main/java/hu/taliann/icesmp/spells/SpellCatalog.java:1391
mana_dart,Mana Nyíl,wizard,,BASE,yes,yes,ConfiguredSpell,configured,A,immediate TARGET damage primitive; no persistent/scheduled lifecycle,3,,yes,class default / primordial,,TARGET,10,8,3,,,,no,no,no,CastModifiers -> immutable snapshot/shared primitives,class/profile + cast architecture + strict source graph,src/main/java/hu/taliann/icesmp/spells/SpellCatalog.java:199,src/main/java/hu/taliann/icesmp/spells/SpellCatalog.java:199
mangle,Roncsolás,druid,ironbark,SPEC,yes,yes,ConfiguredSpell,configured,A,immediate TARGET damage primitive; no persistent/scheduled lifecycle,25,ironbark,yes,class default / primordial,,TARGET,20,3,6,,,,no,no,no,CastModifiers -> immutable snapshot/shared primitives,class/profile + cast architecture + strict source graph,src/main/java/hu/taliann/icesmp/spells/SpellCatalog.java:1537,src/main/java/hu/taliann/icesmp/spells/SpellCatalog.java:1537
marrowrend,Velőtörés,death_knight,blood,SPEC,yes,yes,ConfiguredSpell,configured,A,immediate TARGET damage primitive; no persistent/scheduled lifecycle,27,blood,yes,class default / primordial,,TARGET,30,4,5,,,,no,no,no,CastModifiers -> immutable snapshot/shared primitives,class/profile + cast architecture + strict source graph,src/main/java/hu/taliann/icesmp/spells/SpellCatalog.java:933,src/main/java/hu/taliann/icesmp/spells/SpellCatalog.java:933
masterful_shot,Mesterlövés,archer,sharpshooter,SPEC,yes,yes,ConfiguredSpell,configured,B,generic gameplay retained; signature presentation/VFX readability is intentionally distinct,45,sharpshooter,yes,class default / primordial,,TARGET,300,80,12,,,,no,no,no,CastModifiers -> immutable snapshot/shared primitives,class/profile + cast architecture + strict source graph,src/main/java/hu/taliann/icesmp/spells/SpellCatalog.java:541,src/main/java/hu/taliann/icesmp/spells/SpellCatalog.java:541
maul,Marás,druid,feral,SPEC,yes,yes,ConfiguredSpell,configured,A,immediate TARGET damage primitive; no persistent/scheduled lifecycle,30,feral,yes,class default / primordial,,TARGET,30,4,7,,,,no,no,no,CastModifiers -> immutable snapshot/shared primitives,class/profile + cast architecture + strict source graph,src/main/java/hu/taliann/icesmp/spells/SpellCatalog.java:714,src/main/java/hu/taliann/icesmp/spells/SpellCatalog.java:714
metamorphosis_havoc,Átváltozás,demon_hunter,havoc,SPEC,yes,yes,ConfiguredSpell,configured,B,generic gameplay retained; signature presentation/VFX readability is intentionally distinct,39,,yes,class default / primordial,,SELF,120,6,,,,,no,no,no,CastModifiers -> immutable snapshot/shared primitives,class/profile + cast architecture + strict source graph,src/main/java/hu/taliann/icesmp/spells/SpellCatalog.java:1447,src/main/java/hu/taliann/icesmp/spells/SpellCatalog.java:1447
metamorphosis_veng,Átváltozás (Bosszú),demon_hunter,vengeance,SPEC,yes,yes,ConfiguredSpell,configured,B,generic gameplay retained; signature presentation/VFX readability is intentionally distinct,39,,yes,class default / primordial,,SELF,150,7,,,,,no,no,no,CastModifiers -> immutable snapshot/shared primitives,class/profile + cast architecture + strict source graph,src/main/java/hu/taliann/icesmp/spells/SpellCatalog.java:1469,src/main/java/hu/taliann/icesmp/spells/SpellCatalog.java:1469
miasma,Miazma,assassin,plaguebringer,SPEC,yes,yes,ConfiguredSpell,configured,A,immediate AOE damage/cc primitive; no persistent/scheduled lifecycle,33,plaguebringer,yes,termeszet,,AOE,60,45,3.0,,SLOWNESS,,no,no,no,CastModifiers -> immutable snapshot/shared primitives,class/profile + cast architecture + strict source graph,src/main/java/hu/taliann/icesmp/spells/SpellCatalog.java:1062,src/main/java/hu/taliann/icesmp/spells/SpellCatalog.java:1062
mind_blast,Elmerobbantás,priest,,BASE,yes,yes,MindBlastSpell,stateful,,,13,shadow,yes,osmagia,"holy-mind,holy-trinity",implementation-defined,40,40,6,,,,no,yes,no,CastModifiers -> immutable snapshot/shared primitives,class/profile + cast architecture + strict source graph,src/main/java/hu/taliann/icesmp/spells/MindBlastSpell.java:27,src/main/java/hu/taliann/icesmp/core/IceSMPCore.java:801
mind_flay,Elme Ostor,priest,shadow,SPEC,yes,yes,ConfiguredSpell,configured,A,immediate TARGET damage/cc primitive; no persistent/scheduled lifecycle,25,shadow,yes,class default / primordial,,TARGET,20,30,4,,SLOWNESS,,no,no,no,CastModifiers -> immutable snapshot/shared primitives,class/profile + cast architecture + strict source graph,src/main/java/hu/taliann/icesmp/spells/SpellCatalog.java:1349,src/main/java/hu/taliann/icesmp/spells/SpellCatalog.java:1349
mind_sear,Elmeperzselés,priest,shadow,SPEC,yes,yes,ConfiguredSpell,configured,A,immediate AOE damage primitive; no persistent/scheduled lifecycle,33,,yes,class default / primordial,,AOE,60,55,4,,,,no,no,no,CastModifiers -> immutable snapshot/shared primitives,class/profile + cast architecture + strict source graph,src/main/java/hu/taliann/icesmp/spells/SpellCatalog.java:1355,src/main/java/hu/taliann/icesmp/spells/SpellCatalog.java:1355
moonfire,Holdtűz,druid,lunar,SPEC,yes,yes,ConfiguredSpell,configured,A,immediate TARGET damage primitive; no persistent/scheduled lifecycle,25,lunar,yes,class default / primordial,lunar-eclipse,TARGET,20,30,5,,,,no,no,no,CastModifiers -> immutable snapshot/shared primitives,class/profile + cast architecture + strict source graph,src/main/java/hu/taliann/icesmp/spells/SpellCatalog.java:748,src/main/java/hu/taliann/icesmp/spells/SpellCatalog.java:748
multishot,Sortűz,archer,,BASE,yes,yes,MultishotSpell,projectile,,,8,"beast_master,sharpshooter",yes,class default / primordial,,implementation-defined,45,5,,,,,no,no,yes,CastModifiers -> immutable snapshot/shared primitives,class/profile + cast architecture + strict source graph,src/main/java/hu/taliann/icesmp/spells/MultishotSpell.java:16,src/main/java/hu/taliann/icesmp/core/IceSMPCore.java:780
natures_cure,Természet Gyógyíre,druid,restoration,SPEC,yes,yes,ConfiguredSpell,configured,A,immediate SELF healing primitive; no persistent/scheduled lifecycle,36,,yes,class default / primordial,,SELF,60,50,,6,,,no,no,no,CastModifiers -> immutable snapshot/shared primitives,class/profile + cast architecture + strict source graph,src/main/java/hu/taliann/icesmp/spells/SpellCatalog.java:1563,src/main/java/hu/taliann/icesmp/spells/SpellCatalog.java:1563
numbing_agent,Zsibbasztószer,assassin,poisoner,SPEC,yes,yes,ConfiguredSpell,configured,A,immediate TARGET cc primitive; no persistent/scheduled lifecycle,29,poisoner,yes,class default / primordial,,TARGET,60,5,,,SLOWNESS,,no,no,no,CastModifiers -> immutable snapshot/shared primitives,class/profile + cast architecture + strict source graph,src/main/java/hu/taliann/icesmp/spells/SpellCatalog.java:590,src/main/java/hu/taliann/icesmp/spells/SpellCatalog.java:590
obliterate,Megsemmisítés,death_knight,frost,SPEC,yes,yes,ConfiguredSpell,configured,A,immediate TARGET damage primitive; no persistent/scheduled lifecycle,25,frost,yes,class default / primordial,deathfrost,TARGET,20,3,8,,,,no,no,no,CastModifiers -> immutable snapshot/shared primitives,class/profile + cast architecture + strict source graph,src/main/java/hu/taliann/icesmp/spells/SpellCatalog.java:958,src/main/java/hu/taliann/icesmp/spells/SpellCatalog.java:958
obsidian_scales,Obszidián Pikkelyek,evoker,,BASE,yes,yes,ConfiguredSpell,configured,A,immediate SELF utility primitive; no persistent/scheduled lifecycle,17,,yes,class default / primordial,,SELF,90,5,,,,,no,no,no,CastModifiers -> immutable snapshot/shared primitives,class/profile + cast architecture + strict source graph,src/main/java/hu/taliann/icesmp/spells/SpellCatalog.java:1489,src/main/java/hu/taliann/icesmp/spells/SpellCatalog.java:1489
outbreak,Járvány,death_knight,unholy,SPEC,yes,yes,ConfiguredSpell,configured,A,immediate AOE damage primitive; no persistent/scheduled lifecycle,27,unholy,yes,termeszet,,AOE,45,40,3.0,,,,no,no,no,CastModifiers -> immutable snapshot/shared primitives,class/profile + cast architecture + strict source graph,src/main/java/hu/taliann/icesmp/spells/SpellCatalog.java:998,src/main/java/hu/taliann/icesmp/spells/SpellCatalog.java:998
pain_suppression,Fájdalomtompítás,priest,discipline,SPEC,yes,yes,ConfiguredSpell,configured,A,immediate SELF utility primitive; no persistent/scheduled lifecycle,33,,yes,class default / primordial,,SELF,120,6,,,,,no,no,no,CastModifiers -> immutable snapshot/shared primitives,class/profile + cast architecture + strict source graph,src/main/java/hu/taliann/icesmp/spells/SpellCatalog.java:1335,src/main/java/hu/taliann/icesmp/spells/SpellCatalog.java:1335
panda_guard,Pandaőrség,archer,beast_master,SPEC,yes,yes,SummonMinionsSpell,summon,,,35,,yes,class default / primordial,,implementation-defined,240,8,,,,,yes,yes,no,CastModifiers -> immutable snapshot/shared primitives,class/profile + cast architecture + strict source graph,src/main/java/hu/taliann/icesmp/spells/SpellCatalog.java:176,src/main/java/hu/taliann/icesmp/spells/SpellCatalog.java:176
paralytic_strike,Bénító Csapás,assassin,poisoner,SPEC,yes,yes,ConfiguredSpell,configured,A,immediate TARGET damage/cc primitive; no persistent/scheduled lifecycle,37,poisoner,yes,class default / primordial,,TARGET,75,6,2,,SLOWNESS,,no,no,no,CastModifiers -> immutable snapshot/shared primitives,class/profile + cast architecture + strict source graph,src/main/java/hu/taliann/icesmp/spells/SpellCatalog.java:601,src/main/java/hu/taliann/icesmp/spells/SpellCatalog.java:601
penance,Vezeklés,priest,discipline,SPEC,yes,yes,ConfiguredSpell,configured,A,immediate TARGET damage/healing primitive; no persistent/scheduled lifecycle,28,discipline,yes,class default / primordial,,TARGET,35,45,5,3,,,no,no,no,CastModifiers -> immutable snapshot/shared primitives,class/profile + cast architecture + strict source graph,src/main/java/hu/taliann/icesmp/spells/SpellCatalog.java:1333,src/main/java/hu/taliann/icesmp/spells/SpellCatalog.java:1333
perfect_focus,Tökéletes Fókusz,archer,sharpshooter,SPEC,yes,yes,ConfiguredSpell,configured,A,immediate SELF utility primitive; no persistent/scheduled lifecycle,39,sharpshooter,yes,class default / primordial,,SELF,120,6,,,,,no,no,no,CastModifiers -> immutable snapshot/shared primitives,class/profile + cast architecture + strict source graph,src/main/java/hu/taliann/icesmp/spells/SpellCatalog.java:532,src/main/java/hu/taliann/icesmp/spells/SpellCatalog.java:532
phantom_grip,Fantomszorítás,assassin,phantom,SPEC,yes,yes,ConfiguredSpell,configured,A,immediate TARGET damage/cc primitive; no persistent/scheduled lifecycle,39,,yes,class default / primordial,,TARGET,75,3,3,,LEVITATION,,no,no,no,CastModifiers -> immutable snapshot/shared primitives,class/profile + cast architecture + strict source graph,src/main/java/hu/taliann/icesmp/spells/SpellCatalog.java:653,src/main/java/hu/taliann/icesmp/spells/SpellCatalog.java:653
phase_blink,Fázisugrás,assassin,phantom,SPEC,yes,yes,BlinkSpell,dedicated,,,27,phantom,yes,class default / primordial,,implementation-defined,45,5,,,,,no,no,yes,CastModifiers -> immutable snapshot/shared primitives,class/profile + cast architecture + strict source graph,src/main/java/hu/taliann/icesmp/spells/SpellCatalog.java:630,src/main/java/hu/taliann/icesmp/spells/SpellCatalog.java:630
piercing_bolt,Átütő Lövedék,archer,,BASE,yes,yes,ProjectileBurstSpell,projectile,,,10,sharpshooter,yes,class default / primordial,,implementation-defined,35,25,,,,,no,no,yes,CastModifiers -> immutable snapshot/shared primitives,class/profile + cast architecture + strict source graph,src/main/java/hu/taliann/icesmp/spells/SpellCatalog.java:267,src/main/java/hu/taliann/icesmp/spells/SpellCatalog.java:267
pillar_of_frost,Fagyoszlop,death_knight,frost,SPEC,yes,yes,ConfiguredSpell,configured,A,immediate SELF utility primitive; no persistent/scheduled lifecycle,42,,yes,class default / primordial,,SELF,90,5,,,,,no,no,no,CastModifiers -> immutable snapshot/shared primitives,class/profile + cast architecture + strict source graph,src/main/java/hu/taliann/icesmp/spells/SpellCatalog.java:970,src/main/java/hu/taliann/icesmp/spells/SpellCatalog.java:970
plague_contagion,Fertőzés,assassin,plaguebringer,SPEC,yes,yes,ConfiguredSpell,configured,A,immediate AOE damage primitive; no persistent/scheduled lifecycle,27,plaguebringer,yes,termeszet,,AOE,40,35,2.0,,,,no,no,no,CastModifiers -> immutable snapshot/shared primitives,class/profile + cast architecture + strict source graph,src/main/java/hu/taliann/icesmp/spells/SpellCatalog.java:1054,src/main/java/hu/taliann/icesmp/spells/SpellCatalog.java:1054
plague_cut,Pestis-vágás,assassin,plaguebringer,SPEC,yes,yes,ConfiguredSpell,configured,A,immediate TARGET damage primitive; no persistent/scheduled lifecycle,25,plaguebringer,yes,termeszet,,TARGET,20,3,5.0,,,,no,no,no,CastModifiers -> immutable snapshot/shared primitives,class/profile + cast architecture + strict source graph,src/main/java/hu/taliann/icesmp/spells/SpellCatalog.java:1050,src/main/java/hu/taliann/icesmp/spells/SpellCatalog.java:1050
plague_touch,Dögvészérintés,wizard,necromancer,SPEC,yes,yes,ConfiguredSpell,configured,A,immediate TARGET utility primitive; no persistent/scheduled lifecycle,36,,yes,class default / primordial,,TARGET,75,3,,,,,no,no,no,CastModifiers -> immutable snapshot/shared primitives,class/profile + cast architecture + strict source graph,src/main/java/hu/taliann/icesmp/spells/SpellCatalog.java:384,src/main/java/hu/taliann/icesmp/spells/SpellCatalog.java:384
plague_wind,Pestis-szél,assassin,plaguebringer,SPEC,yes,yes,ConfiguredSpell,configured,A,immediate AOE damage primitive; no persistent/scheduled lifecycle,39,plaguebringer,yes,termeszet,,AOE,90,55,4.0,,,,no,no,no,CastModifiers -> immutable snapshot/shared primitives,class/profile + cast architecture + strict source graph,src/main/java/hu/taliann/icesmp/spells/SpellCatalog.java:1070,src/main/java/hu/taliann/icesmp/spells/SpellCatalog.java:1070
pommel_strike,Markolatütés,warrior,,BASE,yes,yes,ConfiguredSpell,configured,A,immediate TARGET damage/cc primitive; no persistent/scheduled lifecycle,9,berserker,yes,class default / primordial,,TARGET,30,4,3,,SLOWNESS,,no,no,no,CastModifiers -> immutable snapshot/shared primitives,class/profile + cast architecture + strict source graph,src/main/java/hu/taliann/icesmp/spells/SpellCatalog.java:238,src/main/java/hu/taliann/icesmp/spells/SpellCatalog.java:238
power_word_radiance,Erő Szava: Sugárzás,priest,discipline,SPEC,yes,yes,ConfiguredSpell,configured,A,immediate AOE healing primitive; no persistent/scheduled lifecycle,25,discipline,yes,class default / primordial,,AOE,30,45,,4,,,no,no,no,CastModifiers -> immutable snapshot/shared primitives,class/profile + cast architecture + strict source graph,src/main/java/hu/taliann/icesmp/spells/SpellCatalog.java:1331,src/main/java/hu/taliann/icesmp/spells/SpellCatalog.java:1331
power_word_shield,Erő Szava: Pajzs,priest,,BASE,yes,yes,ConfiguredSpell,configured,A,immediate SELF utility primitive; no persistent/scheduled lifecycle,8,discipline,yes,class default / primordial,,SELF,45,4,,,,,no,no,no,CastModifiers -> immutable snapshot/shared primitives,class/profile + cast architecture + strict source graph,src/main/java/hu/taliann/icesmp/spells/SpellCatalog.java:1313,src/main/java/hu/taliann/icesmp/spells/SpellCatalog.java:1313
predator_senses,Ragadozó Érzékek,archer,beast_master,SPEC,yes,yes,ConfiguredSpell,configured,A,immediate AOE utility primitive; no persistent/scheduled lifecycle,37,,yes,class default / primordial,,AOE,90,4,,,,,no,no,no,CastModifiers -> immutable snapshot/shared primitives,class/profile + cast architecture + strict source graph,src/main/java/hu/taliann/icesmp/spells/SpellCatalog.java:557,src/main/java/hu/taliann/icesmp/spells/SpellCatalog.java:557
primal_bond,Ősi Kötelék,archer,beast_master,SPEC,yes,yes,PrimalBondSpell,dedicated,,,32,beast_master,yes,class default / primordial,,implementation-defined,120,5,,,,,no,no,no,CastModifiers -> immutable snapshot/shared primitives,class/profile + cast architecture + strict source graph,src/main/java/hu/taliann/icesmp/spells/PrimalBondSpell.java:23,src/main/java/hu/taliann/icesmp/spells/SpellCatalog.java:551
primal_roar,Ősi Üvöltés,druid,feral,SPEC,yes,yes,ConfiguredSpell,configured,A,immediate AOE cc primitive; no persistent/scheduled lifecycle,37,feral,yes,class default / primordial,,AOE,75,5,,,SLOWNESS,,no,no,no,CastModifiers -> immutable snapshot/shared primitives,class/profile + cast architecture + strict source graph,src/main/java/hu/taliann/icesmp/spells/SpellCatalog.java:722,src/main/java/hu/taliann/icesmp/spells/SpellCatalog.java:722
provoke,Provokálás,monk,,BASE,yes,yes,ConfiguredSpell,configured,A,immediate AOE cc primitive; no persistent/scheduled lifecycle,15,,yes,class default / primordial,,AOE,45,3,,,SLOWNESS,,no,no,no,CastModifiers -> immutable snapshot/shared primitives,class/profile + cast architecture + strict source graph,src/main/java/hu/taliann/icesmp/spells/SpellCatalog.java:1220,src/main/java/hu/taliann/icesmp/spells/SpellCatalog.java:1220
purifying_brew,Tisztító Sör,monk,brewmaster,SPEC,yes,yes,ConfiguredSpell,configured,A,immediate SELF healing primitive; no persistent/scheduled lifecycle,30,brewmaster,yes,class default / primordial,,SELF,45,40,,5,,,no,no,no,CastModifiers -> immutable snapshot/shared primitives,class/profile + cast architecture + strict source graph,src/main/java/hu/taliann/icesmp/spells/SpellCatalog.java:1280,src/main/java/hu/taliann/icesmp/spells/SpellCatalog.java:1280
pyre,Máglya,evoker,devastation,SPEC,yes,yes,ConfiguredSpell,configured,A,immediate AOE damage primitive; no persistent/scheduled lifecycle,25,devastation,yes,class default / primordial,,AOE,30,45,5,,,,no,no,no,CastModifiers -> immutable snapshot/shared primitives,class/profile + cast architecture + strict source graph,src/main/java/hu/taliann/icesmp/spells/SpellCatalog.java:1497,src/main/java/hu/taliann/icesmp/spells/SpellCatalog.java:1497
queens_lament,A Királynő Siráma,priest,bone_priest,SPEC,yes,yes,ConfiguredSpell,configured,A,immediate AOE damage primitive; no persistent/scheduled lifecycle,33,bone_priest,yes,arnyek,,AOE,45,40,3.0,,,,no,no,no,CastModifiers -> immutable snapshot/shared primitives,class/profile + cast architecture + strict source graph,src/main/java/hu/taliann/icesmp/spells/SpellCatalog.java:1030,src/main/java/hu/taliann/icesmp/spells/SpellCatalog.java:1030
radiance,Sugárzás,paladin,,BASE,yes,yes,ConfiguredSpell,configured,A,immediate AOE healing primitive; no persistent/scheduled lifecycle,19,,yes,class default / primordial,,AOE,120,6,,3,,,no,no,no,CastModifiers -> immutable snapshot/shared primitives,class/profile + cast architecture + strict source graph,src/main/java/hu/taliann/icesmp/spells/SpellCatalog.java:811,src/main/java/hu/taliann/icesmp/spells/SpellCatalog.java:811
rage,Düh,warrior,berserker,SPEC,yes,yes,ConfiguredSpell,configured,A,immediate SELF utility primitive; no persistent/scheduled lifecycle,26,,yes,class default / primordial,,SELF,90,4,,,,,no,no,no,CastModifiers -> immutable snapshot/shared primitives,class/profile + cast architecture + strict source graph,src/main/java/hu/taliann/icesmp/spells/SpellCatalog.java:410,src/main/java/hu/taliann/icesmp/spells/SpellCatalog.java:410
rain_dance,Esotanc,wizard,,BASE,yes,yes,RainDanceSpell,dedicated,,,15,,yes,class default / primordial,,implementation-defined,3600,352,,,,,no,no,no,CastModifiers -> immutable snapshot/shared primitives,class/profile + cast architecture + strict source graph,src/main/java/hu/taliann/icesmp/spells/RainDanceSpell.java:12,src/main/java/hu/taliann/icesmp/core/IceSMPCore.java:772
rain_of_fire,Tűzeső,warlock,destruction,SPEC,yes,yes,ConfiguredSpell,configured,A,immediate AOE damage primitive; no persistent/scheduled lifecycle,33,destruction,yes,class default / primordial,,AOE,60,55,4,,,,no,no,no,CastModifiers -> immutable snapshot/shared primitives,class/profile + cast architecture + strict source graph,src/main/java/hu/taliann/icesmp/spells/SpellCatalog.java:1411,src/main/java/hu/taliann/icesmp/spells/SpellCatalog.java:1411
raise_ghoul,Ghúl-szolga,death_knight,unholy,SPEC,yes,yes,SummonMinionsSpell,summon,,,30,unholy,yes,class default / primordial,,implementation-defined,180,60,,,,,yes,yes,no,CastModifiers -> immutable snapshot/shared primitives,class/profile + cast architecture + strict source graph,src/main/java/hu/taliann/icesmp/spells/SpellCatalog.java:134,src/main/java/hu/taliann/icesmp/spells/SpellCatalog.java:134
raise_horde,Holtak Hada,wizard,necromancer,SPEC,yes,yes,SummonMinionsSpell,summon,,,38,necromancer,yes,class default / primordial,,implementation-defined,240,90,,,,,yes,yes,no,CastModifiers -> immutable snapshot/shared primitives,class/profile + cast architecture + strict source graph,src/main/java/hu/taliann/icesmp/spells/SpellCatalog.java:111,src/main/java/hu/taliann/icesmp/spells/SpellCatalog.java:111
rampage,Tombolás,druid,feral,SPEC,yes,yes,ConfiguredSpell,configured,A,immediate SELF utility primitive; no persistent/scheduled lifecycle,42,,yes,class default / primordial,,SELF,90,6,,,,,no,no,no,CastModifiers -> immutable snapshot/shared primitives,class/profile + cast architecture + strict source graph,src/main/java/hu/taliann/icesmp/spells/SpellCatalog.java:718,src/main/java/hu/taliann/icesmp/spells/SpellCatalog.java:718
rapture,Elragadtatás,priest,discipline,SPEC,yes,yes,ConfiguredSpell,configured,A,immediate SELF utility primitive; no persistent/scheduled lifecycle,36,,yes,class default / primordial,,SELF,120,70,,,,,no,no,no,CastModifiers -> immutable snapshot/shared primitives,class/profile + cast architecture + strict source graph,src/main/java/hu/taliann/icesmp/spells/SpellCatalog.java:1341,src/main/java/hu/taliann/icesmp/spells/SpellCatalog.java:1341
reckless_swing,Vakmerő Csapás,warrior,berserker,SPEC,yes,yes,ConfiguredSpell,configured,A,immediate TARGET damage primitive; no persistent/scheduled lifecycle,27,berserker,yes,class default / primordial,,TARGET,25,4,6,,,,no,no,no,CastModifiers -> immutable snapshot/shared primitives,class/profile + cast architecture + strict source graph,src/main/java/hu/taliann/icesmp/spells/SpellCatalog.java:415,src/main/java/hu/taliann/icesmp/spells/SpellCatalog.java:415
regrowth,Sarjadás,druid,,BASE,yes,yes,ConfiguredSpell,configured,A,immediate SELF healing primitive; no persistent/scheduled lifecycle,2,restoration,yes,class default / primordial,,SELF,30,40,,6,,,no,no,no,CastModifiers -> immutable snapshot/shared primitives,class/profile + cast architecture + strict source graph,src/main/java/hu/taliann/icesmp/spells/SpellCatalog.java:678,src/main/java/hu/taliann/icesmp/spells/SpellCatalog.java:678
rejuvenate,Felfrissülés,druid,feral,SPEC,yes,yes,ConfiguredSpell,configured,A,immediate SELF healing primitive; no persistent/scheduled lifecycle,34,,yes,class default / primordial,,SELF,60,50,,4,,,no,no,no,CastModifiers -> immutable snapshot/shared primitives,class/profile + cast architecture + strict source graph,src/main/java/hu/taliann/icesmp/spells/SpellCatalog.java:735,src/main/java/hu/taliann/icesmp/spells/SpellCatalog.java:735
rejuvenation,Megfiatalítás,druid,restoration,SPEC,yes,yes,ConfiguredSpell,configured,A,immediate SELF utility primitive; no persistent/scheduled lifecycle,25,restoration,yes,class default / primordial,,SELF,20,35,,,,,no,no,no,CastModifiers -> immutable snapshot/shared primitives,class/profile + cast architecture + strict source graph,src/main/java/hu/taliann/icesmp/spells/SpellCatalog.java:1553,src/main/java/hu/taliann/icesmp/spells/SpellCatalog.java:1553
remorseless_winter,Könyörtelen Tél,death_knight,frost,SPEC,yes,yes,ConfiguredSpell,configured,A,immediate AOE damage/cc primitive; no persistent/scheduled lifecycle,36,frost,yes,class default / primordial,,AOE,75,55,3,,"SLOWNESS,FREEZE",,no,no,no,CastModifiers -> immutable snapshot/shared primitives,class/profile + cast architecture + strict source graph,src/main/java/hu/taliann/icesmp/spells/SpellCatalog.java:974,src/main/java/hu/taliann/icesmp/spells/SpellCatalog.java:974
renew,Megújulás,priest,,BASE,yes,yes,ConfiguredSpell,configured,A,immediate SELF utility primitive; no persistent/scheduled lifecycle,6,,yes,class default / primordial,,SELF,30,30,,,,,no,no,no,CastModifiers -> immutable snapshot/shared primitives,class/profile + cast architecture + strict source graph,src/main/java/hu/taliann/icesmp/spells/SpellCatalog.java:1315,src/main/java/hu/taliann/icesmp/spells/SpellCatalog.java:1315
renewing_mist,Megújító Köd,monk,mistweaver,SPEC,yes,yes,ConfiguredSpell,configured,A,immediate SELF utility primitive; no persistent/scheduled lifecycle,27,mistweaver,yes,class default / primordial,,SELF,25,35,,,,,no,no,no,CastModifiers -> immutable snapshot/shared primitives,class/profile + cast architecture + strict source graph,src/main/java/hu/taliann/icesmp/spells/SpellCatalog.java:1597,src/main/java/hu/taliann/icesmp/spells/SpellCatalog.java:1597
retribution,Megtorlás,warrior,guardian,SPEC,yes,yes,ConfiguredSpell,configured,A,immediate TARGET damage primitive; no persistent/scheduled lifecycle,42,,yes,class default / primordial,,TARGET,45,5,4,,,,no,no,no,CastModifiers -> immutable snapshot/shared primitives,class/profile + cast architecture + strict source graph,src/main/java/hu/taliann/icesmp/spells/SpellCatalog.java:493,src/main/java/hu/taliann/icesmp/spells/SpellCatalog.java:493
reversion,Visszafordítás,evoker,preservation,SPEC,yes,yes,ConfiguredSpell,configured,A,immediate SELF healing primitive; no persistent/scheduled lifecycle,30,preservation,yes,class default / primordial,,SELF,30,40,,5,,,no,no,no,CastModifiers -> immutable snapshot/shared primitives,class/profile + cast architecture + strict source graph,src/main/java/hu/taliann/icesmp/spells/SpellCatalog.java:1519,src/main/java/hu/taliann/icesmp/spells/SpellCatalog.java:1519
revival,Feltámasztás,monk,mistweaver,SPEC,yes,yes,ConfiguredSpell,configured,B,generic gameplay retained; signature presentation/VFX readability is intentionally distinct,45,mistweaver,yes,class default / primordial,,AOE,300,150,,8,,,no,no,no,CastModifiers -> immutable snapshot/shared primitives,class/profile + cast architecture + strict source graph,src/main/java/hu/taliann/icesmp/spells/SpellCatalog.java:1607,src/main/java/hu/taliann/icesmp/spells/SpellCatalog.java:1607
rewind,Visszatekerés,evoker,preservation,SPEC,yes,yes,ConfiguredSpell,configured,B,generic gameplay retained; signature presentation/VFX readability is intentionally distinct,45,preservation,yes,class default / primordial,,AOE,300,150,,8,,,no,no,no,CastModifiers -> immutable snapshot/shared primitives,class/profile + cast architecture + strict source graph,src/main/java/hu/taliann/icesmp/spells/SpellCatalog.java:1527,src/main/java/hu/taliann/icesmp/spells/SpellCatalog.java:1527
riptide,Örvénylés,shaman,tidal,SPEC,yes,yes,ConfiguredSpell,configured,A,immediate SELF healing primitive; no persistent/scheduled lifecycle,27,tidal,yes,class default / primordial,,SELF,20,35,,4,,,no,no,no,CastModifiers -> immutable snapshot/shared primitives,class/profile + cast architecture + strict source graph,src/main/java/hu/taliann/icesmp/spells/SpellCatalog.java:1575,src/main/java/hu/taliann/icesmp/spells/SpellCatalog.java:1575
riptide_pull,Örvényrántás,wizard,elementalist,SPEC,yes,yes,ConfiguredSpell,configured,A,immediate TARGET cc primitive; no persistent/scheduled lifecycle,36,,yes,class default / primordial,,TARGET,60,45,,,SLOWNESS,,no,no,no,CastModifiers -> immutable snapshot/shared primitives,class/profile + cast architecture + strict source graph,src/main/java/hu/taliann/icesmp/spells/SpellCatalog.java:347,src/main/java/hu/taliann/icesmp/spells/SpellCatalog.java:347
rising_sun_kick,Felkelő Nap Rúgás,monk,windwalker,SPEC,yes,yes,ConfiguredSpell,configured,A,immediate TARGET damage primitive; no persistent/scheduled lifecycle,25,windwalker,yes,class default / primordial,flurry-fists,TARGET,20,3,7,,,,no,no,no,CastModifiers -> immutable snapshot/shared primitives,class/profile + cast architecture + strict source graph,src/main/java/hu/taliann/icesmp/spells/SpellCatalog.java:1239,src/main/java/hu/taliann/icesmp/spells/SpellCatalog.java:1239
roar,Üvöltés,warrior,berserker,SPEC,yes,yes,ConfiguredSpell,configured,A,immediate AOE cc primitive; no persistent/scheduled lifecycle,34,,yes,class default / primordial,,AOE,90,5,,,SLOWNESS,,no,no,no,CastModifiers -> immutable snapshot/shared primitives,class/profile + cast architecture + strict source graph,src/main/java/hu/taliann/icesmp/spells/SpellCatalog.java:429,src/main/java/hu/taliann/icesmp/spells/SpellCatalog.java:429
roll,Gördülés,monk,,BASE,yes,yes,ConfiguredSpell,configured,A,immediate SELF mobility primitive; no persistent/scheduled lifecycle,4,,yes,class default / primordial,,SELF,20,2,,,,dash,no,no,no,CastModifiers -> immutable snapshot/shared primitives,class/profile + cast architecture + strict source graph,src/main/java/hu/taliann/icesmp/spells/SpellCatalog.java:1212,src/main/java/hu/taliann/icesmp/spells/SpellCatalog.java:1212
root,Gyokerezes,wizard,,BASE,yes,yes,RootSpell,dedicated,,,5,,yes,class default / primordial,,implementation-defined,300,8,,,,,no,no,no,CastModifiers -> immutable snapshot/shared primitives,class/profile + cast architecture + strict source graph,src/main/java/hu/taliann/icesmp/spells/RootSpell.java:14,src/main/java/hu/taliann/icesmp/core/IceSMPCore.java:769
rune_strike,Rúnacsapás,death_knight,,BASE,yes,yes,RuneStrikeSpell,stateful,,,4,,yes,class default / primordial,,implementation-defined,40,35,7,,,,no,yes,no,CastModifiers -> immutable snapshot/shared primitives,class/profile + cast architecture + strict source graph,src/main/java/hu/taliann/icesmp/spells/RuneStrikeSpell.java:36,src/main/java/hu/taliann/icesmp/core/IceSMPCore.java:792
rune_tap,Rúnacsapolás,death_knight,blood,SPEC,yes,yes,ConfiguredSpell,configured,A,immediate SELF healing primitive; no persistent/scheduled lifecycle,30,blood,yes,class default / primordial,,SELF,60,4,,5,,,no,no,no,CastModifiers -> immutable snapshot/shared primitives,class/profile + cast architecture + strict source graph,src/main/java/hu/taliann/icesmp/spells/SpellCatalog.java:941,src/main/java/hu/taliann/icesmp/spells/SpellCatalog.java:941
sacrifice_pact,Áldozati Paktum,warlock,demonologist,SPEC,yes,yes,ConfiguredSpell,configured,A,immediate AOE damage primitive; no persistent/scheduled lifecycle,39,demonologist,yes,class default / primordial,,AOE,120,5,6.0,,,,no,no,no,CastModifiers -> immutable snapshot/shared primitives,class/profile + cast architecture + strict source graph,src/main/java/hu/taliann/icesmp/spells/SpellCatalog.java:1094,src/main/java/hu/taliann/icesmp/spells/SpellCatalog.java:1094
savage_claw,Vad Karom,druid,feral,SPEC,yes,yes,ConfiguredSpell,configured,A,immediate TARGET damage primitive; no persistent/scheduled lifecycle,25,feral,yes,class default / primordial,,TARGET,20,3,6,,,,no,no,no,CastModifiers -> immutable snapshot/shared primitives,class/profile + cast architecture + strict source graph,src/main/java/hu/taliann/icesmp/spells/SpellCatalog.java:706,src/main/java/hu/taliann/icesmp/spells/SpellCatalog.java:706
savage_leap,Vad Ugrás,warrior,berserker,SPEC,yes,yes,ConfiguredSpell,configured,A,immediate SELF mobility primitive; no persistent/scheduled lifecycle,39,,yes,class default / primordial,,SELF,40,4,,,,dash,no,no,no,CastModifiers -> immutable snapshot/shared primitives,class/profile + cast architecture + strict source graph,src/main/java/hu/taliann/icesmp/spells/SpellCatalog.java:439,src/main/java/hu/taliann/icesmp/spells/SpellCatalog.java:439
searing_totem,Perzselő Totem,shaman,,BASE,yes,yes,ShamanTotemSpell,stateful,,,15,elemental,yes,class default / primordial,,implementation-defined,75,50,,,,,no,yes,no,CastModifiers -> immutable snapshot/shared primitives,class/profile + cast architecture + strict source graph,src/main/java/hu/taliann/icesmp/managers/TotemManager.java:50,src/main/java/hu/taliann/icesmp/core/IceSMPCore.java:814
second_wind,Második Lendület,warrior,,BASE,yes,yes,ConfiguredSpell,configured,A,immediate SELF healing primitive; no persistent/scheduled lifecycle,12,berserker,yes,class default / primordial,,SELF,180,8,,6,,,no,no,no,CastModifiers -> immutable snapshot/shared primitives,class/profile + cast architecture + strict source graph,src/main/java/hu/taliann/icesmp/spells/SpellCatalog.java:242,src/main/java/hu/taliann/icesmp/spells/SpellCatalog.java:242
seed_of_corruption,Romlás Magja,warlock,affliction,SPEC,yes,yes,ConfiguredSpell,configured,A,immediate AOE utility primitive; no persistent/scheduled lifecycle,36,affliction,yes,class default / primordial,,AOE,60,5,,,,,no,no,no,CastModifiers -> immutable snapshot/shared primitives,class/profile + cast architecture + strict source graph,src/main/java/hu/taliann/icesmp/spells/SpellCatalog.java:1393,src/main/java/hu/taliann/icesmp/spells/SpellCatalog.java:1393
serenity,Derű,monk,windwalker,SPEC,yes,yes,ConfiguredSpell,configured,B,generic gameplay retained; signature presentation/VFX readability is intentionally distinct,45,windwalker,yes,class default / primordial,,AOE,300,150,9,,,,no,no,no,CastModifiers -> immutable snapshot/shared primitives,class/profile + cast architecture + strict source graph,src/main/java/hu/taliann/icesmp/spells/SpellCatalog.java:1263,src/main/java/hu/taliann/icesmp/spells/SpellCatalog.java:1263
shadow_bolt,Árnyéklövedék,warlock,,BASE,yes,yes,ConfiguredSpell,configured,A,immediate TARGET damage primitive; no persistent/scheduled lifecycle,2,,yes,class default / primordial,,TARGET,20,30,5,,,,no,no,no,CastModifiers -> immutable snapshot/shared primitives,class/profile + cast architecture + strict source graph,src/main/java/hu/taliann/icesmp/spells/SpellCatalog.java:1367,src/main/java/hu/taliann/icesmp/spells/SpellCatalog.java:1367
shadow_dash,Árnyéksuhanás,assassin,,BASE,yes,yes,ConfiguredSpell,configured,A,immediate SELF mobility primitive; no persistent/scheduled lifecycle,20,,yes,class default / primordial,,SELF,60,35,,,,dash,no,no,no,CastModifiers -> immutable snapshot/shared primitives,class/profile + cast architecture + strict source graph,src/main/java/hu/taliann/icesmp/spells/SpellCatalog.java:318,src/main/java/hu/taliann/icesmp/spells/SpellCatalog.java:318
shadow_word_death,Árnyszó: Halál,priest,shadow,SPEC,yes,yes,ConfiguredSpell,configured,A,immediate TARGET damage primitive; no persistent/scheduled lifecycle,30,shadow,yes,class default / primordial,,TARGET,45,50,8,,,,no,no,no,CastModifiers -> immutable snapshot/shared primitives,class/profile + cast architecture + strict source graph,src/main/java/hu/taliann/icesmp/spells/SpellCatalog.java:1353,src/main/java/hu/taliann/icesmp/spells/SpellCatalog.java:1353
shadow_word_pain,Árnyszó: Fájdalom,priest,,BASE,yes,yes,ConfiguredSpell,configured,A,immediate TARGET utility primitive; no persistent/scheduled lifecycle,11,shadow,yes,class default / primordial,,TARGET,25,3,,,,,no,no,no,CastModifiers -> immutable snapshot/shared primitives,class/profile + cast architecture + strict source graph,src/main/java/hu/taliann/icesmp/spells/SpellCatalog.java:1317,src/main/java/hu/taliann/icesmp/spells/SpellCatalog.java:1317
shadowburn,Átoknyúl,warlock,,BASE,yes,yes,ShadowburnSpell,stateful,,,13,,yes,arnyek,,implementation-defined,90,60,5,,,,no,yes,no,CastModifiers -> immutable snapshot/shared primitives,class/profile + cast architecture + strict source graph,src/main/java/hu/taliann/icesmp/spells/ShadowburnSpell.java:30,src/main/java/hu/taliann/icesmp/core/IceSMPCore.java:794
shadowfury,Árnydüh,warlock,destruction,SPEC,yes,yes,ConfiguredSpell,configured,A,immediate AOE damage/cc primitive; no persistent/scheduled lifecycle,36,destruction,yes,class default / primordial,,AOE,90,5,3,,SLOWNESS,,no,no,no,CastModifiers -> immutable snapshot/shared primitives,class/profile + cast architecture + strict source graph,src/main/java/hu/taliann/icesmp/spells/SpellCatalog.java:1415,src/main/java/hu/taliann/icesmp/spells/SpellCatalog.java:1415
shadowstep,Árnyéklépés,assassin,,BASE,yes,yes,ShadowstepSpell,dedicated,,,5,,yes,class default / primordial,,implementation-defined,90,60,,,,,no,no,yes,CastModifiers -> immutable snapshot/shared primitives,class/profile + cast architecture + strict source graph,src/main/java/hu/taliann/icesmp/spells/ShadowstepSpell.java:20,src/main/java/hu/taliann/icesmp/core/IceSMPCore.java:781
shattering_star,Robbanó Csillag,evoker,devastation,SPEC,yes,yes,ConfiguredSpell,configured,A,immediate TARGET damage primitive; no persistent/scheduled lifecycle,33,,yes,class default / primordial,,TARGET,45,50,6,,,,no,no,no,CastModifiers -> immutable snapshot/shared primitives,class/profile + cast architecture + strict source graph,src/main/java/hu/taliann/icesmp/spells/SpellCatalog.java:1503,src/main/java/hu/taliann/icesmp/spells/SpellCatalog.java:1503
shear,Lélek Csere,demon_hunter,,BASE,yes,yes,SoulExchangeSpell,stateful,,,6,vengeance,yes,class default / primordial,,implementation-defined,50,40,5,,,,no,yes,yes,CastModifiers -> immutable snapshot/shared primitives,class/profile + cast architecture + strict source graph,src/main/java/hu/taliann/icesmp/spells/SoulExchangeSpell.java:30,src/main/java/hu/taliann/icesmp/core/IceSMPCore.java:798
sheilun_blessing,Sheilun Áldása,monk,mistweaver,SPEC,yes,yes,ConfiguredSpell,configured,A,immediate SELF healing primitive; no persistent/scheduled lifecycle,33,,yes,class default / primordial,,SELF,120,70,,8,,,no,no,no,CastModifiers -> immutable snapshot/shared primitives,class/profile + cast architecture + strict source graph,src/main/java/hu/taliann/icesmp/spells/SpellCatalog.java:1605,src/main/java/hu/taliann/icesmp/spells/SpellCatalog.java:1605
shield_charge,Pajzsroham,warrior,guardian,SPEC,yes,yes,ConfiguredSpell,configured,A,immediate SELF mobility primitive; no persistent/scheduled lifecycle,37,guardian,yes,class default / primordial,,SELF,45,4,,,,dash,no,no,no,CastModifiers -> immutable snapshot/shared primitives,class/profile + cast architecture + strict source graph,src/main/java/hu/taliann/icesmp/spells/SpellCatalog.java:483,src/main/java/hu/taliann/icesmp/spells/SpellCatalog.java:483
shield_of_the_righteous,Igazak Pajzsa,paladin,protection,SPEC,yes,yes,ConfiguredSpell,configured,A,immediate SELF utility primitive; no persistent/scheduled lifecycle,27,protection,yes,class default / primordial,,SELF,25,4,,,,,no,no,no,CastModifiers -> immutable snapshot/shared primitives,class/profile + cast architecture + strict source graph,src/main/java/hu/taliann/icesmp/spells/SpellCatalog.java:1615,src/main/java/hu/taliann/icesmp/spells/SpellCatalog.java:1615
shield_wall,Pajzsfal,warrior,guardian,SPEC,yes,yes,ConfiguredSpell,configured,A,immediate SELF utility primitive; no persistent/scheduled lifecycle,29,,yes,class default / primordial,,SELF,150,8,,,,,no,no,no,CastModifiers -> immutable snapshot/shared primitives,class/profile + cast architecture + strict source graph,src/main/java/hu/taliann/icesmp/spells/SpellCatalog.java:466,src/main/java/hu/taliann/icesmp/spells/SpellCatalog.java:466
sigil_of_flame,Láng Pecsétje,demon_hunter,vengeance,SPEC,yes,yes,ConfiguredSpell,configured,A,immediate AOE damage primitive; no persistent/scheduled lifecycle,33,vengeance,yes,class default / primordial,,AOE,45,45,4,,,,no,no,no,CastModifiers -> immutable snapshot/shared primitives,class/profile + cast architecture + strict source graph,src/main/java/hu/taliann/icesmp/spells/SpellCatalog.java:1465,src/main/java/hu/taliann/icesmp/spells/SpellCatalog.java:1465
silence_of_the_grave,A Sír Csendje,priest,bone_priest,SPEC,yes,yes,ConfiguredSpell,configured,A,immediate AOE damage primitive; no persistent/scheduled lifecycle,39,bone_priest,yes,arnyek,,AOE,90,50,4.0,,,,no,no,no,CastModifiers -> immutable snapshot/shared primitives,class/profile + cast architecture + strict source graph,src/main/java/hu/taliann/icesmp/spells/SpellCatalog.java:1038,src/main/java/hu/taliann/icesmp/spells/SpellCatalog.java:1038
siphon_life,Élet Lecsapolása,warlock,affliction,SPEC,yes,yes,ConfiguredSpell,configured,A,immediate TARGET damage/healing primitive; no persistent/scheduled lifecycle,33,affliction,yes,class default / primordial,,TARGET,45,45,4,4,,,no,no,no,CastModifiers -> immutable snapshot/shared primitives,class/profile + cast architecture + strict source graph,src/main/java/hu/taliann/icesmp/spells/SpellCatalog.java:1395,src/main/java/hu/taliann/icesmp/spells/SpellCatalog.java:1395
smite,Sújtás,paladin,,BASE,yes,yes,ConfiguredSpell,configured,A,immediate TARGET damage primitive; no persistent/scheduled lifecycle,2,retribution,yes,class default / primordial,,TARGET,20,30,5,,,,no,no,no,CastModifiers -> immutable snapshot/shared primitives,class/profile + cast architecture + strict source graph,src/main/java/hu/taliann/icesmp/spells/SpellCatalog.java:784,src/main/java/hu/taliann/icesmp/spells/SpellCatalog.java:784
smoke_bomb,Füstbomba,assassin,,BASE,yes,yes,SmokeBombSpell,dedicated,,,12,,yes,class default / primordial,,implementation-defined,120,6,,,,,no,no,no,CastModifiers -> immutable snapshot/shared primitives,class/profile + cast architecture + strict source graph,src/main/java/hu/taliann/icesmp/spells/SmokeBombSpell.java:20,src/main/java/hu/taliann/icesmp/core/IceSMPCore.java:782
snare,Csapdázás,archer,,BASE,yes,yes,ConfiguredSpell,configured,A,immediate TARGET cc primitive; no persistent/scheduled lifecycle,12,,yes,class default / primordial,trap-volley,TARGET,60,45,,,"SLOWNESS,JUMP_BOOST",,no,no,no,CastModifiers -> immutable snapshot/shared primitives,class/profile + cast architecture + strict source graph,src/main/java/hu/taliann/icesmp/spells/SpellCatalog.java:270,src/main/java/hu/taliann/icesmp/spells/SpellCatalog.java:270
solar_beam,Napsugár,druid,lunar,SPEC,yes,yes,ConfiguredSpell,configured,A,immediate TARGET damage/cc primitive; no persistent/scheduled lifecycle,36,lunar,yes,class default / primordial,,TARGET,60,55,6,,BLINDNESS,,no,no,no,CastModifiers -> immutable snapshot/shared primitives,class/profile + cast architecture + strict source graph,src/main/java/hu/taliann/icesmp/spells/SpellCatalog.java:756,src/main/java/hu/taliann/icesmp/spells/SpellCatalog.java:756
soothing_mist,Csillapító Köd,monk,mistweaver,SPEC,yes,yes,ConfiguredSpell,configured,A,immediate SELF healing primitive; no persistent/scheduled lifecycle,25,mistweaver,yes,class default / primordial,,SELF,20,35,,5,,,no,no,no,CastModifiers -> immutable snapshot/shared primitives,class/profile + cast architecture + strict source graph,src/main/java/hu/taliann/icesmp/spells/SpellCatalog.java:1593,src/main/java/hu/taliann/icesmp/spells/SpellCatalog.java:1593
soul_cleave,Lélekhasítás,demon_hunter,vengeance,SPEC,yes,yes,ConfiguredSpell,configured,A,immediate AOE damage/healing primitive; no persistent/scheduled lifecycle,25,vengeance,yes,class default / primordial,,AOE,25,4,4,3,,,no,no,no,CastModifiers -> immutable snapshot/shared primitives,class/profile + cast architecture + strict source graph,src/main/java/hu/taliann/icesmp/spells/SpellCatalog.java:1459,src/main/java/hu/taliann/icesmp/spells/SpellCatalog.java:1459
soul_harvest,Lélekaratás,wizard,necromancer,SPEC,yes,yes,ConfiguredSpell,configured,A,immediate AOE damage/healing primitive; no persistent/scheduled lifecycle,45,necromancer,yes,class default / primordial,,AOE,300,150,6,6,,,no,no,no,CastModifiers -> immutable snapshot/shared primitives,class/profile + cast architecture + strict source graph,src/main/java/hu/taliann/icesmp/spells/SpellCatalog.java:402,src/main/java/hu/taliann/icesmp/spells/SpellCatalog.java:402
soul_rot,Lélekrothadás,warlock,affliction,SPEC,yes,yes,ConfiguredSpell,configured,A,immediate AOE damage primitive; no persistent/scheduled lifecycle,39,,yes,class default / primordial,,AOE,90,3,4,,,,no,no,no,CastModifiers -> immutable snapshot/shared primitives,class/profile + cast architecture + strict source graph,src/main/java/hu/taliann/icesmp/spells/SpellCatalog.java:1397,src/main/java/hu/taliann/icesmp/spells/SpellCatalog.java:1397
soul_siphon,Lélekszívás,wizard,necromancer,SPEC,yes,yes,ConfiguredSpell,configured,A,immediate AOE damage/healing primitive; no persistent/scheduled lifecycle,28,,yes,class default / primordial,,AOE,90,50,2,4,,,no,no,no,CastModifiers -> immutable snapshot/shared primitives,class/profile + cast architecture + strict source graph,src/main/java/hu/taliann/icesmp/spells/SpellCatalog.java:372,src/main/java/hu/taliann/icesmp/spells/SpellCatalog.java:372
spectral_sight,Szellemlátás,demon_hunter,,BASE,yes,yes,SpectralSightSpell,stateful,,,21,,yes,class default / primordial,,implementation-defined,75,45,,,,,no,yes,no,CastModifiers -> immutable snapshot/shared primitives,class/profile + cast architecture + strict source graph,src/main/java/hu/taliann/icesmp/spells/SpectralSightSpell.java:30,src/main/java/hu/taliann/icesmp/core/IceSMPCore.java:806
spectral_volley,Szellemsortűz,archer,sharpshooter,SPEC,yes,yes,ProjectileBurstSpell,projectile,,,42,,yes,class default / primordial,,implementation-defined,90,60,,,,,no,no,yes,CastModifiers -> immutable snapshot/shared primitives,class/profile + cast architecture + strict source graph,src/main/java/hu/taliann/icesmp/spells/SpellCatalog.java:538,src/main/java/hu/taliann/icesmp/spells/SpellCatalog.java:538
spectre,Kísértet,assassin,phantom,SPEC,yes,yes,ConfiguredSpell,configured,B,generic gameplay retained; signature presentation/VFX readability is intentionally distinct,45,phantom,yes,class default / primordial,,SELF,300,4,,,,,no,no,no,CastModifiers -> immutable snapshot/shared primitives,class/profile + cast architecture + strict source graph,src/main/java/hu/taliann/icesmp/spells/SpellCatalog.java:663,src/main/java/hu/taliann/icesmp/spells/SpellCatalog.java:663
spinning_crane_kick,Pörgő Darurúgás,monk,,BASE,yes,yes,SpinningCraneKickSpell,stateful,,,11,,yes,class default / primordial,,implementation-defined,30,4,4,,,,no,yes,no,CastModifiers -> immutable snapshot/shared primitives,class/profile + cast architecture + strict source graph,src/main/java/hu/taliann/icesmp/spells/SpinningCraneKickSpell.java:25,src/main/java/hu/taliann/icesmp/core/IceSMPCore.java:804
spirit_link,Szellemkötés,shaman,tidal,SPEC,yes,yes,ConfiguredSpell,configured,A,immediate AOE utility primitive; no persistent/scheduled lifecycle,39,,yes,class default / primordial,,AOE,90,6,,,,,no,no,no,CastModifiers -> immutable snapshot/shared primitives,class/profile + cast architecture + strict source graph,src/main/java/hu/taliann/icesmp/spells/SpellCatalog.java:1583,src/main/java/hu/taliann/icesmp/spells/SpellCatalog.java:1583
spirit_tide,Szellemár,shaman,tidal,SPEC,yes,yes,ConfiguredSpell,configured,B,generic gameplay retained; signature presentation/VFX readability is intentionally distinct,45,tidal,yes,class default / primordial,,AOE,300,150,,8,,,no,no,no,CastModifiers -> immutable snapshot/shared primitives,class/profile + cast architecture + strict source graph,src/main/java/hu/taliann/icesmp/spells/SpellCatalog.java:1587,src/main/java/hu/taliann/icesmp/spells/SpellCatalog.java:1587
spiritbloom,Szellemvirág,evoker,preservation,SPEC,yes,yes,ConfiguredSpell,configured,A,immediate AOE healing primitive; no persistent/scheduled lifecycle,28,preservation,yes,class default / primordial,,AOE,45,50,,5,,,no,no,no,CastModifiers -> immutable snapshot/shared primitives,class/profile + cast architecture + strict source graph,src/main/java/hu/taliann/icesmp/spells/SpellCatalog.java:1517,src/main/java/hu/taliann/icesmp/spells/SpellCatalog.java:1517
stampede,Csorda Rohama,archer,beast_master,SPEC,yes,yes,ConfiguredSpell,configured,A,immediate SELF mobility primitive; no persistent/scheduled lifecycle,39,beast_master,yes,class default / primordial,,SELF,60,5,,,,dash,no,no,no,CastModifiers -> immutable snapshot/shared primitives,class/profile + cast architecture + strict source graph,src/main/java/hu/taliann/icesmp/spells/SpellCatalog.java:562,src/main/java/hu/taliann/icesmp/spells/SpellCatalog.java:562
starfall,Csillaghullás,druid,lunar,SPEC,yes,yes,ConfiguredSpell,configured,A,immediate AOE damage primitive; no persistent/scheduled lifecycle,40,lunar,yes,class default / primordial,,AOE,120,80,6,,,,no,no,no,CastModifiers -> immutable snapshot/shared primitives,class/profile + cast architecture + strict source graph,src/main/java/hu/taliann/icesmp/spells/SpellCatalog.java:764,src/main/java/hu/taliann/icesmp/spells/SpellCatalog.java:764
starsurge,Csillagár,druid,lunar,SPEC,yes,yes,ConfiguredSpell,configured,A,immediate TARGET damage primitive; no persistent/scheduled lifecycle,28,lunar,yes,class default / primordial,lunar-eclipse,TARGET,35,45,7,,,,no,no,no,CastModifiers -> immutable snapshot/shared primitives,class/profile + cast architecture + strict source graph,src/main/java/hu/taliann/icesmp/spells/SpellCatalog.java:752,src/main/java/hu/taliann/icesmp/spells/SpellCatalog.java:752
stasis,Stázis,evoker,preservation,SPEC,yes,yes,ConfiguredSpell,configured,A,immediate SELF utility primitive; no persistent/scheduled lifecycle,39,,yes,class default / primordial,,SELF,120,6,,,,,no,no,no,CastModifiers -> immutable snapshot/shared primitives,class/profile + cast architecture + strict source graph,src/main/java/hu/taliann/icesmp/spells/SpellCatalog.java:1525,src/main/java/hu/taliann/icesmp/spells/SpellCatalog.java:1525
stellar_flare,Csillagláng,druid,lunar,SPEC,yes,yes,ConfiguredSpell,configured,A,immediate TARGET damage primitive; no persistent/scheduled lifecycle,30,,yes,class default / primordial,,TARGET,30,40,5,,,,no,no,no,CastModifiers -> immutable snapshot/shared primitives,class/profile + cast architecture + strict source graph,src/main/java/hu/taliann/icesmp/spells/SpellCatalog.java:772,src/main/java/hu/taliann/icesmp/spells/SpellCatalog.java:772
stone_skin,Kőbőr,wizard,elementalist,SPEC,yes,yes,ConfiguredSpell,configured,A,immediate SELF utility primitive; no persistent/scheduled lifecycle,39,elementalist,yes,class default / primordial,,SELF,150,60,,,,,no,no,no,CastModifiers -> immutable snapshot/shared primitives,class/profile + cast architecture + strict source graph,src/main/java/hu/taliann/icesmp/spells/SpellCatalog.java:351,src/main/java/hu/taliann/icesmp/spells/SpellCatalog.java:351
storm_earth_fire,"Vihar, Föld, Tűz",monk,windwalker,SPEC,yes,yes,ConfiguredSpell,configured,A,immediate SELF utility primitive; no persistent/scheduled lifecycle,36,,yes,class default / primordial,,SELF,90,6,,,,,no,no,no,CastModifiers -> immutable snapshot/shared primitives,class/profile + cast architecture + strict source graph,src/main/java/hu/taliann/icesmp/spells/SpellCatalog.java:1255,src/main/java/hu/taliann/icesmp/spells/SpellCatalog.java:1255
stormkeeper,Viharőrző,shaman,elemental,SPEC,yes,yes,ConfiguredSpell,configured,A,immediate SELF utility primitive; no persistent/scheduled lifecycle,39,,yes,class default / primordial,,SELF,75,5,,,,,no,no,no,CastModifiers -> immutable snapshot/shared primitives,class/profile + cast architecture + strict source graph,src/main/java/hu/taliann/icesmp/spells/SpellCatalog.java:1159,src/main/java/hu/taliann/icesmp/spells/SpellCatalog.java:1159
stormstrike,Viharcsapás,shaman,enhancement,SPEC,yes,yes,ConfiguredSpell,configured,A,immediate TARGET damage primitive; no persistent/scheduled lifecycle,25,enhancement,yes,class default / primordial,,TARGET,20,3,7,,,,no,no,no,CastModifiers -> immutable snapshot/shared primitives,class/profile + cast architecture + strict source graph,src/main/java/hu/taliann/icesmp/spells/SpellCatalog.java:1171,src/main/java/hu/taliann/icesmp/spells/SpellCatalog.java:1171
summon_infernal,Infernál Megidézése,warlock,destruction,SPEC,yes,yes,ConfiguredSpell,configured,A,immediate AOE damage primitive; no persistent/scheduled lifecycle,45,destruction,yes,class default / primordial,,AOE,300,150,8,,,,no,no,no,CastModifiers -> immutable snapshot/shared primitives,class/profile + cast architecture + strict source graph,src/main/java/hu/taliann/icesmp/spells/SpellCatalog.java:1417,src/main/java/hu/taliann/icesmp/spells/SpellCatalog.java:1417
sun_dance,Naptanc,wizard,elementalist,SPEC,yes,yes,SunDanceSpell,dedicated,,,25,,yes,class default / primordial,,implementation-defined,3600,352,,,,,no,no,no,CastModifiers -> immutable snapshot/shared primitives,class/profile + cast architecture + strict source graph,src/main/java/hu/taliann/icesmp/spells/SunDanceSpell.java:25,src/main/java/hu/taliann/icesmp/core/IceSMPCore.java:773
sundering,Hasítás,shaman,enhancement,SPEC,yes,yes,ConfiguredSpell,configured,A,immediate TARGET damage primitive; no persistent/scheduled lifecycle,39,,yes,class default / primordial,,TARGET,60,5,7,,,,no,no,no,CastModifiers -> immutable snapshot/shared primitives,class/profile + cast architecture + strict source graph,src/main/java/hu/taliann/icesmp/spells/SpellCatalog.java:1191,src/main/java/hu/taliann/icesmp/spells/SpellCatalog.java:1191
sunfire,Napperzselés,druid,,BASE,yes,yes,ConfiguredSpell,configured,A,immediate TARGET damage primitive; no persistent/scheduled lifecycle,3,lunar,yes,class default / primordial,,TARGET,25,35,4,,,,no,no,no,CastModifiers -> immutable snapshot/shared primitives,class/profile + cast architecture + strict source graph,src/main/java/hu/taliann/icesmp/spells/SpellCatalog.java:694,src/main/java/hu/taliann/icesmp/spells/SpellCatalog.java:694
survival_instinct,Túlélő Ösztön,druid,ironbark,SPEC,yes,yes,ConfiguredSpell,configured,A,immediate SELF utility primitive; no persistent/scheduled lifecycle,42,,yes,class default / primordial,,SELF,150,7,,,,,no,no,no,CastModifiers -> immutable snapshot/shared primitives,class/profile + cast architecture + strict source graph,src/main/java/hu/taliann/icesmp/spells/SpellCatalog.java:1545,src/main/java/hu/taliann/icesmp/spells/SpellCatalog.java:1545
survival_instincts,Túlélő Ösztön,druid,feral,SPEC,yes,yes,ConfiguredSpell,configured,A,immediate SELF utility primitive; no persistent/scheduled lifecycle,39,feral,yes,class default / primordial,,SELF,90,5,,,,,no,no,no,CastModifiers -> immutable snapshot/shared primitives,class/profile + cast architecture + strict source graph,src/main/java/hu/taliann/icesmp/spells/SpellCatalog.java:731,src/main/java/hu/taliann/icesmp/spells/SpellCatalog.java:731
swift_steps,Szélléptek,archer,,BASE,yes,yes,ConfiguredSpell,configured,A,immediate SELF utility primitive; no persistent/scheduled lifecycle,22,,yes,class default / primordial,,SELF,90,60,,,,,no,no,no,CastModifiers -> immutable snapshot/shared primitives,class/profile + cast architecture + strict source graph,src/main/java/hu/taliann/icesmp/spells/SpellCatalog.java:282,src/main/java/hu/taliann/icesmp/spells/SpellCatalog.java:282
swiftmend,Gyorsgyógyír,druid,restoration,SPEC,yes,yes,ConfiguredSpell,configured,A,immediate SELF healing primitive; no persistent/scheduled lifecycle,30,restoration,yes,class default / primordial,,SELF,30,45,,5,,,no,no,no,CastModifiers -> immutable snapshot/shared primitives,class/profile + cast architecture + strict source graph,src/main/java/hu/taliann/icesmp/spells/SpellCatalog.java:1557,src/main/java/hu/taliann/icesmp/spells/SpellCatalog.java:1557
swipe,Mancscsapás,druid,feral,SPEC,yes,yes,ConfiguredSpell,configured,A,immediate AOE damage primitive; no persistent/scheduled lifecycle,32,feral,yes,class default / primordial,,AOE,25,3,5,,,,no,no,no,CastModifiers -> immutable snapshot/shared primitives,class/profile + cast architecture + strict source graph,src/main/java/hu/taliann/icesmp/spells/SpellCatalog.java:727,src/main/java/hu/taliann/icesmp/spells/SpellCatalog.java:727
tail_swipe,Farokcsapás,evoker,,BASE,yes,yes,ConfiguredSpell,configured,A,immediate AOE damage primitive; no persistent/scheduled lifecycle,13,,yes,class default / primordial,,AOE,30,3,4,,,,no,no,no,CastModifiers -> immutable snapshot/shared primitives,class/profile + cast architecture + strict source graph,src/main/java/hu/taliann/icesmp/spells/SpellCatalog.java:1487,src/main/java/hu/taliann/icesmp/spells/SpellCatalog.java:1487
talent_surge,Talentum Lendület,,,TALENT,yes,yes,ConfiguredSpell,configured,A,immediate SELF utility primitive; no persistent/scheduled lifecycle,,,yes,class default / primordial,,SELF,300,100,,,,,no,no,no,CastModifiers -> immutable snapshot/shared primitives,class/profile + cast architecture + strict source graph,src/main/java/hu/taliann/icesmp/spells/SpellCatalog.java:93,src/main/java/hu/taliann/icesmp/spells/SpellCatalog.java:93
taunt,Kihívás,warrior,guardian,SPEC,yes,yes,ConfiguredSpell,configured,A,immediate AOE cc primitive; no persistent/scheduled lifecycle,26,guardian,yes,class default / primordial,,AOE,60,4,,,SLOWNESS,,no,no,no,CastModifiers -> immutable snapshot/shared primitives,class/profile + cast architecture + strict source graph,src/main/java/hu/taliann/icesmp/spells/SpellCatalog.java:457,src/main/java/hu/taliann/icesmp/spells/SpellCatalog.java:457
temporal_anomaly,Időbeli Anomália,evoker,preservation,SPEC,yes,yes,ConfiguredSpell,configured,A,immediate SELF utility primitive; no persistent/scheduled lifecycle,36,preservation,yes,class default / primordial,,SELF,90,6,,,,,no,no,no,CastModifiers -> immutable snapshot/shared primitives,class/profile + cast architecture + strict source graph,src/main/java/hu/taliann/icesmp/spells/SpellCatalog.java:1523,src/main/java/hu/taliann/icesmp/spells/SpellCatalog.java:1523
terror,Rémület,assassin,phantom,SPEC,yes,yes,ConfiguredSpell,configured,A,immediate AOE cc primitive; no persistent/scheduled lifecycle,32,,yes,class default / primordial,,AOE,120,6,,,"BLINDNESS,SLOWNESS",,no,no,no,CastModifiers -> immutable snapshot/shared primitives,class/profile + cast architecture + strict source graph,src/main/java/hu/taliann/icesmp/spells/SpellCatalog.java:638,src/main/java/hu/taliann/icesmp/spells/SpellCatalog.java:638
the_hunt,A Vadászat,demon_hunter,havoc,SPEC,yes,yes,ConfiguredSpell,configured,B,generic gameplay retained; signature presentation/VFX readability is intentionally distinct,45,havoc,yes,class default / primordial,,AOE,300,150,8,,,dash,no,no,no,CastModifiers -> immutable snapshot/shared primitives,class/profile + cast architecture + strict source graph,src/main/java/hu/taliann/icesmp/spells/SpellCatalog.java:1453,src/main/java/hu/taliann/icesmp/spells/SpellCatalog.java:1453
the_wild_hunt,Vad Hajsza,druid,feral,SPEC,yes,yes,ConfiguredSpell,configured,A,immediate AOE damage primitive; no persistent/scheduled lifecycle,45,feral,yes,class default / primordial,,AOE,300,150,8,,,,no,no,no,CastModifiers -> immutable snapshot/shared primitives,class/profile + cast architecture + strict source graph,src/main/java/hu/taliann/icesmp/spells/SpellCatalog.java:739,src/main/java/hu/taliann/icesmp/spells/SpellCatalog.java:739
thick_hide,Vastag Irha,archer,beast_master,SPEC,yes,yes,ConfiguredSpell,configured,A,immediate SELF utility primitive; no persistent/scheduled lifecycle,34,beast_master,yes,class default / primordial,,SELF,120,6,,,,,no,no,no,CastModifiers -> immutable snapshot/shared primitives,class/profile + cast architecture + strict source graph,src/main/java/hu/taliann/icesmp/spells/SpellCatalog.java:552,src/main/java/hu/taliann/icesmp/spells/SpellCatalog.java:552
thornguard,Tövispajzs,druid,ironbark,SPEC,yes,yes,ConfiguredSpell,configured,A,immediate SELF utility primitive; no persistent/scheduled lifecycle,27,ironbark,yes,class default / primordial,,SELF,45,4,,,,,no,no,no,CastModifiers -> immutable snapshot/shared primitives,class/profile + cast architecture + strict source graph,src/main/java/hu/taliann/icesmp/spells/SpellCatalog.java:1535,src/main/java/hu/taliann/icesmp/spells/SpellCatalog.java:1535
thornlash,Töviscsapás,druid,,BASE,yes,yes,ConfiguredSpell,configured,A,immediate TARGET damage primitive; no persistent/scheduled lifecycle,5,,yes,class default / primordial,,TARGET,25,3,4,,,,no,no,no,CastModifiers -> immutable snapshot/shared primitives,class/profile + cast architecture + strict source graph,src/main/java/hu/taliann/icesmp/spells/SpellCatalog.java:690,src/main/java/hu/taliann/icesmp/spells/SpellCatalog.java:690
throw_glaive,Sarlóvetés,demon_hunter,,BASE,yes,yes,GlaiveThrowSpell,stateful,,,8,,yes,class default / primordial,,implementation-defined,40,35,5,,,,no,yes,yes,CastModifiers -> immutable snapshot/shared primitives,class/profile + cast architecture + strict source graph,src/main/java/hu/taliann/icesmp/spells/GlaiveThrowSpell.java:37,src/main/java/hu/taliann/icesmp/core/IceSMPCore.java:799
thunder_focus_tea,Mennydörgő Tea,monk,mistweaver,SPEC,yes,yes,ConfiguredSpell,configured,A,immediate SELF utility primitive; no persistent/scheduled lifecycle,36,,yes,class default / primordial,,SELF,75,5,,,,,no,no,no,CastModifiers -> immutable snapshot/shared primitives,class/profile + cast architecture + strict source graph,src/main/java/hu/taliann/icesmp/spells/SpellCatalog.java:1601,src/main/java/hu/taliann/icesmp/spells/SpellCatalog.java:1601
thunder_strike,Mennykőcsapás,wizard,elementalist,SPEC,yes,yes,ConfiguredSpell,configured,A,immediate TARGET damage primitive; no persistent/scheduled lifecycle,30,elementalist,yes,class default / primordial,,TARGET,120,80,6,,,,no,no,no,CastModifiers -> immutable snapshot/shared primitives,class/profile + cast architecture + strict source graph,src/main/java/hu/taliann/icesmp/spells/SpellCatalog.java:339,src/main/java/hu/taliann/icesmp/spells/SpellCatalog.java:339
thunderstorm,Mennydörgés,shaman,elemental,SPEC,yes,yes,ConfiguredSpell,configured,A,immediate AOE damage primitive; no persistent/scheduled lifecycle,36,,yes,class default / primordial,,AOE,90,60,4,,,,no,no,no,CastModifiers -> immutable snapshot/shared primitives,class/profile + cast architecture + strict source graph,src/main/java/hu/taliann/icesmp/spells/SpellCatalog.java:1151,src/main/java/hu/taliann/icesmp/spells/SpellCatalog.java:1151
tiger_palm,Tigristenyér,monk,,BASE,yes,yes,ConfiguredSpell,configured,A,immediate TARGET damage primitive; no persistent/scheduled lifecycle,2,"brewmaster,windwalker",yes,class default / primordial,,TARGET,15,15,5,,,,no,no,no,CastModifiers -> immutable snapshot/shared primitives,class/profile + cast architecture + strict source graph,src/main/java/hu/taliann/icesmp/spells/SpellCatalog.java:1208,src/main/java/hu/taliann/icesmp/spells/SpellCatalog.java:1208
torment,Gyötrés,demon_hunter,,BASE,yes,yes,ConfiguredSpell,configured,A,immediate AOE utility primitive; no persistent/scheduled lifecycle,17,,yes,class default / primordial,,AOE,90,45,,,,,no,no,no,CastModifiers -> immutable snapshot/shared primitives,class/profile + cast architecture + strict source graph,src/main/java/hu/taliann/icesmp/spells/SpellCatalog.java:1431,src/main/java/hu/taliann/icesmp/spells/SpellCatalog.java:1431
touch_of_death,Halál Érintése,monk,windwalker,SPEC,yes,yes,ConfiguredSpell,configured,A,immediate TARGET damage primitive; no persistent/scheduled lifecycle,39,,yes,class default / primordial,,TARGET,90,60,9,,,,no,no,no,CastModifiers -> immutable snapshot/shared primitives,class/profile + cast architecture + strict source graph,src/main/java/hu/taliann/icesmp/spells/SpellCatalog.java:1251,src/main/java/hu/taliann/icesmp/spells/SpellCatalog.java:1251
toxic_cloud,Mérgező Felhő,assassin,poisoner,SPEC,yes,yes,ConfiguredSpell,configured,A,immediate AOE utility primitive; no persistent/scheduled lifecycle,39,,yes,class default / primordial,,AOE,120,7,,,,,no,no,no,CastModifiers -> immutable snapshot/shared primitives,class/profile + cast architecture + strict source graph,src/main/java/hu/taliann/icesmp/spells/SpellCatalog.java:606,src/main/java/hu/taliann/icesmp/spells/SpellCatalog.java:606
toxin_dart,Toxinnyíl,assassin,poisoner,SPEC,yes,yes,ConfiguredSpell,configured,A,immediate TARGET damage primitive; no persistent/scheduled lifecycle,26,poisoner,yes,class default / primordial,plague-spread,TARGET,20,3,1,,,,no,no,no,CastModifiers -> immutable snapshot/shared primitives,class/profile + cast architecture + strict source graph,src/main/java/hu/taliann/icesmp/spells/SpellCatalog.java:582,src/main/java/hu/taliann/icesmp/spells/SpellCatalog.java:582
tranquility,Nyugalom,druid,restoration,SPEC,yes,yes,ConfiguredSpell,configured,B,generic gameplay retained; signature presentation/VFX readability is intentionally distinct,42,,yes,class default / primordial,,AOE,180,8,,5,,,no,no,no,CastModifiers -> immutable snapshot/shared primitives,class/profile + cast architecture + strict source graph,src/main/java/hu/taliann/icesmp/spells/SpellCatalog.java:1565,src/main/java/hu/taliann/icesmp/spells/SpellCatalog.java:1565
unholy_coil,Halálörvény,death_knight,unholy,SPEC,yes,yes,ConfiguredSpell,configured,A,immediate TARGET damage primitive; no persistent/scheduled lifecycle,33,unholy,yes,arnyek,,TARGET,30,3,7.0,,,,no,no,no,CastModifiers -> immutable snapshot/shared primitives,class/profile + cast architecture + strict source graph,src/main/java/hu/taliann/icesmp/spells/SpellCatalog.java:1002,src/main/java/hu/taliann/icesmp/spells/SpellCatalog.java:1002
unstable_affliction,Instabil Átok,warlock,affliction,SPEC,yes,yes,ConfiguredSpell,configured,A,immediate TARGET utility primitive; no persistent/scheduled lifecycle,25,affliction,yes,class default / primordial,shadow-detonate,TARGET,25,2,,,,,no,no,no,CastModifiers -> immutable snapshot/shared primitives,class/profile + cast architecture + strict source graph,src/main/java/hu/taliann/icesmp/spells/SpellCatalog.java:1387,src/main/java/hu/taliann/icesmp/spells/SpellCatalog.java:1387
unstoppable,Megállíthatatlan,warrior,berserker,SPEC,yes,yes,ConfiguredSpell,configured,A,immediate SELF utility primitive; no persistent/scheduled lifecycle,37,,yes,class default / primordial,,SELF,150,4,,,,,no,no,no,CastModifiers -> immutable snapshot/shared primitives,class/profile + cast architecture + strict source graph,src/main/java/hu/taliann/icesmp/spells/SpellCatalog.java:434,src/main/java/hu/taliann/icesmp/spells/SpellCatalog.java:434
vampiric_blood,Vámpírvér,death_knight,blood,SPEC,yes,yes,ConfiguredSpell,configured,A,immediate SELF healing primitive; no persistent/scheduled lifecycle,36,blood,yes,class default / primordial,,SELF,120,6,,6,,,no,no,no,CastModifiers -> immutable snapshot/shared primitives,class/profile + cast architecture + strict source graph,src/main/java/hu/taliann/icesmp/spells/SpellCatalog.java:929,src/main/java/hu/taliann/icesmp/spells/SpellCatalog.java:929
vampiric_touch,Vámpírérintés,priest,shadow,SPEC,yes,yes,ConfiguredSpell,configured,A,immediate TARGET healing primitive; no persistent/scheduled lifecycle,28,shadow,yes,class default / primordial,,TARGET,30,2,,4,,,no,no,no,CastModifiers -> immutable snapshot/shared primitives,class/profile + cast architecture + strict source graph,src/main/java/hu/taliann/icesmp/spells/SpellCatalog.java:1351,src/main/java/hu/taliann/icesmp/spells/SpellCatalog.java:1351
vengeful_retreat,Bosszúszomjas Visszavonulás,demon_hunter,havoc,SPEC,yes,yes,ConfiguredSpell,configured,A,immediate SELF mobility primitive; no persistent/scheduled lifecycle,33,havoc,yes,class default / primordial,,SELF,45,3,,,,dash,no,no,no,CastModifiers -> immutable snapshot/shared primitives,class/profile + cast architecture + strict source graph,src/main/java/hu/taliann/icesmp/spells/SpellCatalog.java:1449,src/main/java/hu/taliann/icesmp/spells/SpellCatalog.java:1449
venom_strike,Méregcsapás,assassin,poisoner,SPEC,yes,yes,VenomStrikeSpell,dedicated,,,25,poisoner,yes,class default / primordial,,implementation-defined,60,6,,,,,no,no,no,CastModifiers -> immutable snapshot/shared primitives,class/profile + cast architecture + strict source graph,src/main/java/hu/taliann/icesmp/spells/VenomStrikeSpell.java:21,src/main/java/hu/taliann/icesmp/core/IceSMPCore.java:786
verdant_embrace,Zöldellő Ölelés,evoker,,BASE,yes,yes,ConfiguredSpell,configured,A,immediate AOE utility primitive; no persistent/scheduled lifecycle,21,,yes,class default / primordial,,AOE,60,40,,,,,no,no,no,CastModifiers -> immutable snapshot/shared primitives,class/profile + cast architecture + strict source graph,src/main/java/hu/taliann/icesmp/spells/SpellCatalog.java:1491,src/main/java/hu/taliann/icesmp/spells/SpellCatalog.java:1491
vivify,Élénkítés,monk,,BASE,yes,yes,ConfiguredSpell,configured,A,immediate AOE healing primitive; no persistent/scheduled lifecycle,8,mistweaver,yes,class default / primordial,,AOE,30,40,,5,,,no,no,no,CastModifiers -> immutable snapshot/shared primitives,class/profile + cast architecture + strict source graph,src/main/java/hu/taliann/icesmp/spells/SpellCatalog.java:1224,src/main/java/hu/taliann/icesmp/spells/SpellCatalog.java:1224
void_eruption,Üresség Kitörése,priest,shadow,SPEC,yes,yes,ConfiguredSpell,configured,B,generic gameplay retained; signature presentation/VFX readability is intentionally distinct,39,,yes,class default / primordial,,AOE,90,60,5,,,,no,no,no,CastModifiers -> immutable snapshot/shared primitives,class/profile + cast architecture + strict source graph,src/main/java/hu/taliann/icesmp/spells/SpellCatalog.java:1357,src/main/java/hu/taliann/icesmp/spells/SpellCatalog.java:1357
void_torrent,Üresség Árja,priest,shadow,SPEC,yes,yes,ConfiguredSpell,configured,A,immediate AOE damage primitive; no persistent/scheduled lifecycle,45,shadow,yes,class default / primordial,,AOE,300,150,8,,,,no,no,no,CastModifiers -> immutable snapshot/shared primitives,class/profile + cast architecture + strict source graph,src/main/java/hu/taliann/icesmp/spells/SpellCatalog.java:1361,src/main/java/hu/taliann/icesmp/spells/SpellCatalog.java:1361
wake_of_ashes,Hamuébresztés,paladin,retribution,SPEC,yes,yes,ConfiguredSpell,configured,A,immediate AOE damage primitive; no persistent/scheduled lifecycle,42,,yes,class default / primordial,,AOE,90,60,4,,,,no,no,no,CastModifiers -> immutable snapshot/shared primitives,class/profile + cast architecture + strict source graph,src/main/java/hu/taliann/icesmp/spells/SpellCatalog.java:877,src/main/java/hu/taliann/icesmp/spells/SpellCatalog.java:877
whirling_dragon_punch,Örvénylő Sárkányütés,monk,windwalker,SPEC,yes,yes,ConfiguredSpell,configured,A,immediate AOE damage primitive; no persistent/scheduled lifecycle,33,windwalker,yes,class default / primordial,,AOE,60,5,6,,,,no,no,no,CastModifiers -> immutable snapshot/shared primitives,class/profile + cast architecture + strict source graph,src/main/java/hu/taliann/icesmp/spells/SpellCatalog.java:1247,src/main/java/hu/taliann/icesmp/spells/SpellCatalog.java:1247
whirlwind,Forgószél,warrior,,BASE,yes,yes,WhirlwindSpell,stateful,,,18,"berserker,guardian",yes,class default / primordial,shout-spin,implementation-defined,150,60,4,,,,no,yes,no,CastModifiers -> immutable snapshot/shared primitives,class/profile + cast architecture + strict source graph,src/main/java/hu/taliann/icesmp/spells/WhirlwindSpell.java:33,src/main/java/hu/taliann/icesmp/core/IceSMPCore.java:803
wild_bloom,Vad Virágzás,druid,restoration,SPEC,yes,yes,ConfiguredSpell,configured,A,immediate AOE utility primitive; no persistent/scheduled lifecycle,39,restoration,yes,class default / primordial,,AOE,90,6,,,,,no,no,no,CastModifiers -> immutable snapshot/shared primitives,class/profile + cast architecture + strict source graph,src/main/java/hu/taliann/icesmp/spells/SpellCatalog.java:1561,src/main/java/hu/taliann/icesmp/spells/SpellCatalog.java:1561
wild_mushroom,Vadgomba,druid,,BASE,yes,yes,WildMushroomSpell,stateful,,,15,,yes,class default / primordial,,implementation-defined,60,40,,5,,,no,yes,no,CastModifiers -> immutable snapshot/shared primitives,class/profile + cast architecture + strict source graph,src/main/java/hu/taliann/icesmp/spells/WildMushroomSpell.java:35,src/main/java/hu/taliann/icesmp/core/IceSMPCore.java:791
wild_pack,Vad Falka,archer,beast_master,SPEC,yes,yes,SummonMinionsSpell,summon,,,43,,yes,class default / primordial,,implementation-defined,240,9,,,,,yes,yes,no,CastModifiers -> immutable snapshot/shared primitives,class/profile + cast architecture + strict source graph,src/main/java/hu/taliann/icesmp/spells/SpellCatalog.java:186,src/main/java/hu/taliann/icesmp/spells/SpellCatalog.java:186
wind_rush,Szélroham,shaman,,BASE,yes,yes,ConfiguredSpell,configured,A,immediate SELF utility primitive; no persistent/scheduled lifecycle,17,,yes,class default / primordial,,SELF,60,4,,,,,no,no,no,CastModifiers -> immutable snapshot/shared primitives,class/profile + cast architecture + strict source graph,src/main/java/hu/taliann/icesmp/spells/SpellCatalog.java:1131,src/main/java/hu/taliann/icesmp/spells/SpellCatalog.java:1131
windfury,Szélharag,shaman,enhancement,SPEC,yes,yes,ConfiguredSpell,configured,A,immediate SELF utility primitive; no persistent/scheduled lifecycle,30,,yes,class default / primordial,,SELF,75,5,,,,,no,no,no,CastModifiers -> immutable snapshot/shared primitives,class/profile + cast architecture + strict source graph,src/main/java/hu/taliann/icesmp/spells/SpellCatalog.java:1179,src/main/java/hu/taliann/icesmp/spells/SpellCatalog.java:1179
windfury_totem,Szélharag-totem,shaman,enhancement,SPEC,yes,yes,ShamanTotemSpell,stateful,,,28,enhancement,yes,class default / primordial,,implementation-defined,90,5,,,,,no,yes,no,CastModifiers -> immutable snapshot/shared primitives,class/profile + cast architecture + strict source graph,src/main/java/hu/taliann/icesmp/managers/TotemManager.java:54,src/main/java/hu/taliann/icesmp/core/IceSMPCore.java:816
wing_buffet,Szárnycsapás,evoker,,BASE,yes,yes,ConfiguredSpell,configured,A,immediate AOE cc primitive; no persistent/scheduled lifecycle,8,,yes,class default / primordial,,AOE,30,3,,,SLOWNESS,,no,no,no,CastModifiers -> immutable snapshot/shared primitives,class/profile + cast architecture + strict source graph,src/main/java/hu/taliann/icesmp/spells/SpellCatalog.java:1481,src/main/java/hu/taliann/icesmp/spells/SpellCatalog.java:1481
wisplight,Wisplight,wizard,,BASE,yes,yes,WisplightSpell,projectile,,,2,,yes,class default / primordial,,implementation-defined,0,1,,,,,no,yes,yes,CastModifiers -> immutable snapshot/shared primitives,class/profile + cast architecture + strict source graph,src/main/java/hu/taliann/icesmp/spells/WisplightSpell.java:21,src/main/java/hu/taliann/icesmp/core/IceSMPCore.java:770
wolf_call,Farkashívás,archer,beast_master,SPEC,yes,yes,WolfCallSpell,dedicated,,,26,beast_master,yes,class default / primordial,,implementation-defined,600,100,,,,,no,no,no,CastModifiers -> immutable snapshot/shared primitives,class/profile + cast architecture + strict source graph,src/main/java/hu/taliann/icesmp/spells/WolfCallSpell.java:17,src/main/java/hu/taliann/icesmp/spells/SpellCatalog.java:549
word_of_glory,Dicsőség Szava,paladin,holy,SPEC,yes,yes,ConfiguredSpell,configured,A,immediate AOE healing primitive; no persistent/scheduled lifecycle,30,holy,yes,class default / primordial,,AOE,30,45,,5,,,no,no,no,CastModifiers -> immutable snapshot/shared primitives,class/profile + cast architecture + strict source graph,src/main/java/hu/taliann/icesmp/spells/SpellCatalog.java:844,src/main/java/hu/taliann/icesmp/spells/SpellCatalog.java:844
wraith_form,Kísértetforma,wizard,necromancer,SPEC,yes,yes,ConfiguredSpell,configured,A,immediate SELF utility primitive; no persistent/scheduled lifecycle,42,necromancer,yes,class default / primordial,,SELF,180,4,,,,,no,no,no,CastModifiers -> immutable snapshot/shared primitives,class/profile + cast architecture + strict source graph,src/main/java/hu/taliann/icesmp/spells/SpellCatalog.java:396,src/main/java/hu/taliann/icesmp/spells/SpellCatalog.java:396
zeal,Buzgalom,paladin,retribution,SPEC,yes,yes,ConfiguredSpell,configured,A,immediate SELF utility primitive; no persistent/scheduled lifecycle,36,,yes,class default / primordial,,SELF,75,5,,,,,no,no,no,CastModifiers -> immutable snapshot/shared primitives,class/profile + cast architecture + strict source graph,src/main/java/hu/taliann/icesmp/spells/SpellCatalog.java:881,src/main/java/hu/taliann/icesmp/spells/SpellCatalog.java:881
